Workbook

Sheet 개정이력
A1: 개정 이력
A2: 버전 | B2: 변경일 | C2: 변경 사유 | D2: 관련시트 | E2: 변경 내용 | F2: 작성자 | G2: 승인
A3: 1.0 | B3: 2024.09.10 | C3: 최초 작성 및 배포 | E3: 최초 작성 및 배포 | F3: 홍수민
A4: 1.1 | B4: 2024.09.19 | C4: 수식 오류 개선 및 정규표현식 일원화 | D4: "Ⅲ.품질진단 컬럼_규칙_결과" | E4: 엑셀 수식 수정, 정규표현식 숫자형태 \d => [0-9] 로 통일 사망일자 관련 선후관계유효성 로직 수정(CASE WHEN NOT EXISTS -> JOIN 방식으로 변경) 방문일자 관련 선후관계유효성 로직 수정(CASE WHEN NOT EXISTS -> JOIN 방식으로 변경) | F4: 홍수민

Sheet 시트별 작성가이드
A1: Owner Ship | B1: Sheet명 | C1: 항목명 | F1: 설명 | G1: 병원별 입력필요
A2: 사업단 | B2: Ⅰ.품질진단 기준 | C2: 품질진단 기준 | F2: 품질진단을 위한 기준 | G2: N
A3: 사업단 | B3: Ⅱ.품질진단 테이블 | C3: 1.테이블 정의 | D3: 데이터 분류 | E3: 대분류 | F3: 테이블의 대분류(예: Baseline DB 등) | G3: N
E4: 버전 | F4: CDM 버전(예: 5.3.1, 5.4 등) | G4: Y
E5: 주제분류 | F5: 테이블의 중분류(예: Clinical Data 등) | G5: N
D6: 테이블 정보 | E6: 한글테이블명 | F6: 테이블 한글명 | G6: N
E7: 영문테이블명 | F7: 테이블 영문명 | G7: 필요시
D8: 진단 정보 | E8: 진단대상여부 | F8: 테이블의 품질진단 대상 선정 여부 (예- Y, N) | G8: N
E9: 대상제외사유 | F9: 품질진단 대상 제외 사유 (예: 로그, 백업, 시스템관리용) | G9: N
E10: 진단범위 | F10: 테이블에 대한 진단 범위 (예: 전수, 부분 | G10: N
E11: DBMS 종류 | F11: DBMS 종류(예 Oracle, MySql, DB2 등), NoSQL(MongGo DB, Neo4j, Redis 등) | G11: 필요시
A12: 사업단/병원 | B12: Ⅲ.품질진단 컬럼_규칙_결과 | C12: 1.컬럼 정의 | D12: 데이터 분류 | E12: 버전 | F12: CDM 버전(예: 5.3.1, 5.4 등) | G12: Y
E13: 대분류 | F13: 테이블의 대분류(예: Baseline DB 등) | G13: N
E14: 주제분류 | F14: 테이블의 중분류(예: Clinical Data 등) | G14: N
D15: 테이블 정보 | E15: 스키마명 | F15: 테이블 스키마명 | G15: Y
E16: 한글테이블명 | F16: 테이블 한글명 | G16: N
E17: 영문테이블명 | F17: 테이블 영문명 | G17: 필요시
D18: 컬럼 정보 | E18: 한글컬럼명 | F18: 컬럼의 한글명 | G18: N
E19: 영문컬럼명 | F19: 컬럼의 영문명 | G19: N
E20: 컬럼타입(길이) | F20: 컬럼의 데이터 타입과 길이 | G20: N
E21: PK | F21: PK정의(예: PK1, PK2) | G21: N
E22: 도메인명 | F22: 컬럼의 도메인 명 | G22: N
E23: 설명 | F23: 컬럼의 설명 | G23: N
E24: 값 | F24: (샘플)컬럼의 데이터 값 | G24: N
E25: 항목명 | F25: 항목정의서의 항목명 | G25: N
E26: 비고 | F26: 데이터의 필수/필수아님 여부 | G26: N
E27: NOT NULL 여부 | F27: Not Null 여부 (Not Null -> Y , Null -> N) | G27: N
C28: 2.진단규칙 정의 | D28: 진단대상 정보 | E28: 진단NO | F28: 품질진단 일련번호 | G28: N
E29: 상세지표 | F29: 컬럼별 적용 품질상세지표 | G29: N
E30: 진단대상 여부④ | F30: 컬럼의 품질진단 대상 여부 (예- Y, N) | G30: 필요시
E31: 진단대상 제외사유⑤ | F31: 진단대상 제외사유 | G31: 필요시
D32: 진단 정보 | E32: 진단유형 | F32: 컬럼별 적용 진단유형 | G32: N
E33: 진단규칙내용 | F33: 품질진단을 수행 할 내용. 이 내용을 기반으로 진단SQL(스크립트)을 작성 | G33: N
E34: 코드테이블 스키마명 | F34: 코드테이블의 스키마명 | G34: Y
E35: 코드테이블명 | F35: 코드테이블명 | G35: 필요시
E36: 코드명(참조) | F36: 코드테이블의 컬럼명 | G36: N
E37: 코드값(참조) | F37: 코드테이블 컬럼의 검색 SQL 규칙 | G37: N
E38: 참조테이블명 | F38: FK 참조 테이블명 | G38: N
E39: 참조컬럼명 | F39: FK 참조 테이블의 컬럼명 | G39: N
E40: 최소값 | F40: 정상 허용범위 최소값 | G40: N
E41: 최대값 | F41: 정상 허용범위 최대값 | G41: N
E42: 오류제외 데이터 | F42: 오류데이터에서 제외되는 기본값(예 : 99999999) | G42: N
D43: 진단 SQL(예시)② | E43: 총건수 | F43: 총건수를 구할 수 있는 진단SQL | G43: N
E44: 오류건수 | F44: 오류건수를 구할 수 있는 진단SQL | G44: N
E45: 오류데이터 | F45: 오류데이터의 상세 조회 진단SQL | G45: N
A46: 병원 | C46: 3.품질진단 결과① | E46: 총건수 | F46: 총건수 | G46: Y
E47: 오류건수 | F47: 오류건수 | G47: Y
E48: 오류율(%) | F48: 진단 컬럼의 진단전체 데이터 거수 대비 오류 데이터 건수 백분율 ( 오류건수/전체데이터건수 %) | G48: Y
E49: 오류데이터 | F49: 오류데이터(최대 3건) | G49: Y
A50: 사업단 (자동입력) | B50: Ⅳ.품질진단 결과 종합③ | G50: N
A51: 사업단/병원 | B51: Ⅵ.품질진단 테이블 기본검증 | C51: 1.컬럼 정의 | D51: 데이터 분류 | E51: 버전 | F51: CDM 버전(예: 5.3.1, 5.4 등) | G51: 필요시
E52: 대분류 | F52: 테이블의 대분류(예: Baseline DB 등) | G52: N
E53: 주제분류 | F53: 테이블의 중분류(예: Clinical Data 등) | G53: N
D54: 테이블 정보 | E54: 스키마명 | F54: 테이블 스키마명 | G54: Y
E55: 한글테이블명 | F55: 테이블 한글명 | G55: N
E56: 영문테이블명 | F56: 테이블 영문명 | G56: 필요시
D57: 컬럼 정보 | E57: 한글컬럼명 | F57: 컬럼의 한글명 | G57: N
E58: 영문컬럼명 | F58: 컬럼의 영문명 | G58: N
E59: 컬럼타입(길이) | F59: 컬럼의 데이터 타입과 길이 | G59: N
E60: PK | F60: PK정의(예: PK1, PK2) | G60: N
E61: 도메인명 | F61: 컬럼의 도메인 명 | G61: N
E62: 설명 | F62: 컬럼의 설명 | G62: N
E63: 값 | F63: (샘플)컬럼의 데이터 값 | G63: N
E64: 항목명 | F64: 항목정의서의 항목명 | G64: N
E65: 비고 | F65: 데이터의 필수/필수아님 여부 | G65: N
E66: NOT NULL 여부 | F66: Not Null 여부 (Not Null -> Y , Null -> N) | G66: N
C67: 2.진단규칙 정의 | D67: 진단 정보 | E67: 허용 데이터 타입 | F67: 허용할 데이터 타입 | G67: N
E68: 중복허용 여부 | F68: 데이터 중복 허용 여부 | G68: N
E69: 진단규칙 내용 | F69: 품질진단을 수행 할 내용. 이 내용을 기반으로 진단SQL(스크립트)을 작성 | G69: N
D70: 진단 SQL(예시)② | E70: 진단 SQL | F70: 오류여부의 상세 조회 진단SQL | G70: N
A71: 병원 | C71: 3.품질진단 결과 | D71: 통과여부 | E71: PASS_CHECK | F71: 품질진단 테이블 기본검증 통과여부 | G71: Y
A72: ※ 기타사항 ①자체 품질진단도구(QualityStream, WDQ 등) 사용시 (Ⅲ.2)진단규칙 적용 후 진단결과 제출 필요 ②진단 SQL(예시)은 SAP HANA DB 기준으로 DBMS별 수정 후 진단 필요 ③[Ⅳ.품질진단 결과 종합)은 [Ⅲ.진단 컬럼_규칙_결과 > 3. 품질진단 내역]입력시 자동으로 입력됨 ④병원 별 진단대상 제외가 필요한 경우 진단대상 제외사유⑤ 입력 필요

Sheet Ⅰ.품질진단기준
A1: 지표 | B1: 정의 | C1: 상세지표 | D1: 정의 | E1: 진단대상 | F1: 진단방법 | G1: 적용단계
A2: 일관성 (Consistency) | B2: 같은 의미를 갖는 데이터는 표준을 준수하여 동일한 용어와 도메인으로 정의하고 중복 ,연계 데이터의 값이 서로 일치하는지 진단하는 지표 | C2: 참조무결성 | D2: FK 관계에 있는 테이블 간 참조무결성이 유지되는지 진단하는 지표 | E2: 값 | F2: 업무규칙진단, 체크리스트 | G2: 구축단계
C3: 중복 일관성 | D3: 업무 목적에 따라 중복 데이터를 생성한 경우 각각의 중복 컬럼 값이 일치하는지 진단하는 지표 | E3: 값 | F3: 업무규칙진단, 체크리스트 | G3: 구축단계
C4: 표준 일관성 | D4: 동일한 데이터가 표준을 준수하여 형식(도메인)과 명칭(표준용어)이 일치하는지 진단하는 지표 | E4: 구조 | F4: 업무규칙진단, 체크리스트 | G4: 구축단계
C5: 연계 일관성 | D5: 원천 테이블과 연계 목적의 복제테이블이 같은 시점에 데이터 값이 일치하는지 진단하는 지표 | E5: 값 | F5: 체크리스트 | G5: 구축단계
A6: 정확성 (Anccuracy) | B6: 데이터가 실 세계 사실 및 업무규칙에 따라 정해진 유효범위를 충족하며, 정확한 값이 저장되어 있는지를 진단하는 지표 | C6: 논리관계 정확성 | D6: 논리관계가 있는 항목에 대해 논리에 맞게 값이 관리되고 있는지 진단하는 지표 | E6: 값 | F6: 업무규칙진단, 체크리스트 | G6: 구축단계
C7: 파생항목 정확성 | D7: 원천항목값과 파생된 항목값이 정확하게 일치하는지 진단하는 지표 | E7: 값 | F7: 업무규칙진단, 체크리스트 | G7: 구축단계
C8: 메타 정확성 | D8: 이미지, 동영상 등 비정형 데이터의 메터 속성데이터가 실체 콘텐츠의 정보와 일치하는지 진단하는 지표 | E8: 값 | F8: 업무규칙진단(별도의 비정형 진단 도구 필요), 체크리스트 | G8: 구축단계
A9: 보안성 (Security) | B9: 데이터 관리 주체가 관리되고 외부 및 내부 요인으로부터 데이터를 보호하기 위해 접근이 적절히 통제되며 개인정보 등 주요 데이터에 대하여 보호 조치가 이루어져 있는지 진단하는 지표 | C9: 정보 보호성 | D9: 개인정보보호(비식별화조치)와 외부의 침입 및 정보 훼손을 방지하는 절차와 규정을 수립하고 수행하고 있는지 진단하는 지표 | E9: 관리체계 | F9: 체크리스트 | G9: 구축단계
C10: 통제성 | D10: 단일 테이블 내에서 시계열적 선후관계가 업무 규칙으로 정의된 경우 발생 업무 규칙을 준수하는지 진단하는 지표 | E10: 관리체계 | F10: 체크리스트 | G10: 구축단계
C11: 데이터 관리 책임성 | D11: 사용자 접근 권한과 책임을 명확히 부여하고 관리하는지 진단하는 지표 | E11: 관리체계 | F11: 체크리스트 | G11: 구축단계
A12: 완전성 (Completeness) | B12: 데이터의 저장소인 데이터베이스를 구축함에 있어 논리적인 설계와 물리적인 구조를 갖추고, 업무 요건에 맞게 데이터가 저장되는지를 진단하는 지표 | C12: 단독 완전성 | D12: 데이터가 업무 요건에 맞게 항상 채워져 있는지 진단하는 지표 | E12: 값 | F12: 업무규칙진단, 체크리스트 | G12: 구축단계
C13: 조건 완전성 | D13: 데이터가 다른 데이터 항목의 업무 조건에 따라 항상 채워져 있는지 진단하는 지표 (Conditional Not Null) | E13: 값 | F13: 업무규칙진단, 체크리스트 | G13: 구축단계
C14: 구조 완전성 | D14: 데이터모델이 데이터구조 관리 지침을 준수하고 있는지 진단하는 지표 | E14: 구조 | F14: 체크리스트 | G14: 구축단계
A15: 유효성 (Validity) | B15: 데이터가 의도한 범위와 형식으로 구성되어 해당 범위와 형식에 벗어나지 않고 본래의 효과를 제공하며 추적 가능한지 진단하는 지표 | C15: 범위 유효성 | D15: 값이 특정 리스트 내에 존재하여야 하거나, 정해진 범위 내에 존재하는지 진단하는 지표 | E15: 값 | F15: 프로파일링진단, 체크리스트 | G15: 구축단계
C16: 날짜 유효성 | D16: 항목이 일자일 경우 값은 유효한 일시의 값을 갖는지 진단하는 지표 | E16: 값 | F16: 프로파일링진단, 체크리스트 | G16: 구축단계
C17: 형식 유효성 | D17: 정해진 형식(Format)에 맞게 값이 존재하고 있는지 진단하는 지표 | E17: 값 | F17: 프로파일링진단, 체크리스트 | G17: 구축단계
C18: 코드 유효성 | D18: 표준코드에 정의된 유효 코드값을 갖는지 진단하는 지표 | E18: 값 | F18: 프로파일링진단, 체크리스트 | G18: 구축단계
C19: 여부 유효성 | D19: 여부 항목의 값이 정해진 값의 범위에서 관리되고 있는지 진단하는 지표 | E19: 값 | F19: 프로파일링진단, 체크리스트 | G19: 구축단계
C20: 선후관계 유효성 | D20: 복수의 컬럼값이 선후 관계에 있을 경우 발생업무 규칙을 지키는지 진단하는 지표 | E20: 값 | F20: 프로파일링진단, 체크리스트 | G20: 구축단계
A21: 준비성 (Preparation) | B21: 데이터 품질관리를 위해 기본적으로 관리해야 하는 정책, 규정, 조직, 절차 등을 마련하고, 최신의 내용으로 충실하게 관리되는지를 진단하는 지표 | C21: 체계 구비성 | D21: 데이터 품질 관리를 위한 기본적인 요소들이 체계적으로 수립되어 관리되는지 진단하는 지표 | E21: 관리체계 | F21: 체크리스트 | G21: 구축단계
C22: 체계 준수성 | D22: 수립된 데이터 품질관리 기준 요소들이 체계적으로 수행하는지 진단하는 지표 | E22: 관리체계 | F22: 체크리스트 | G22: 구축단계
A23: 유용성 (Relevance) | B23: 사용자가 만족하는 수준의 충분한 정보가 수집되고 제공되는지, 사용자의 정보 이용에 만족도를 충족하는지, 데이터의 범위와 상세화 정도를 충족시키는지를 진단하는 지표 | C23: 충분성 | D23: 사용자의 요구 사항을 충분히 충족 시킬 수 있는지 진단하는 지표 | E23: 관리체계 | F23: 체크리스트 | G23: 운영단계
C24: 유연성 | D24: 사용자의 요구 사항을 수용할 수 있는지 진단하는 지표 | E24: 관리체계 | F24: 체크리스트 | G24: 운영단계
C25: 활용성 | D25: 실제 공급되는 데이터를 사용자가 활용하는지를 진단하는 지표 | E25: 관리체계 | F25: 체크리스트 | G25: 운영단계
C26: 추적성 | D26: 데이터의 변경 내역이 관리되고 있음 | E26: 관리체계 | F26: 체크리스트 | G26: 운영단계
A27: 접근성 (Accessibility) | B27: 사용자가 원하는 데이터를 손쉽게 사용할 수 있는지 진단하는 지표 | C27: 검색 용이성 | D27: 사용자가 원하는 데이터를 검색할 때 데이터 로딩속도, 원하는 데이터 획득, 용이한 데이터 접근 등 데이터 검색 만족도를 진단하는 지표 | E27: 관리체계 | F27: 체크리스트 | G27: 운영단계
C28: 사용 편의성 | D28: 사용자 데이터를 사용할 때, 다양한 요구사항을 만족 시킬 수 있는 서비스 및 데이터 유형이 제공되고 있는지 진단하는 지표 | E28: 관리체계 | F28: 체크리스트 | G28: 운영단계
A29: 적시성 (Timeliness) | B29: 사용자가 원하는 시점에 데이터의 주기에 따른 가장 최신 데이터를 유지하는지 진단하는 지표 | C29: 데이터 최신성 | D29: 데이터의 수집, 갱신 주기에 따라 최신의 값을 유지하는지 진단하는 지표 | E29: 관리체계 | F29: 체크리스트 | G29: 운영단계
A30: ※ 기타사항 ①[NIA]데이터 품질지표를 기본으로 2023년 공공데이터 품질관리 수준진단·평가 매뉴얼의 붙임2 DB대상을 참고하여 추가/변경함 ②진단유형 선정기준 - 컬럼 영문명/도메인명 ③코드진단은 코드테이블(예: COM_CODE)을 사용하고 개별 병원 정책(명명규칙/코드정책 등)에 따라 정의가능(단, 모든 코드값/코드명은 DB입력 필요) ④(기타)업무규칙 - 진단유형에 포함되지 않는 경우 별도의 진단SQL 추가(향후 진행예정)

Sheet Ⅱ.품질진단 테이블
A1: ※ 최종 수정일자(2024-08-06)
A2: 테이블 정보 | K2: 진단 정보
A3: 대분류 | B3: 버전 | C3: 테이블순번 | D3: 주제분류 | E3: 한글테이블명 | F3: 영문테이블명 | G3: 적재기간 | H3: 수집기준일자 컬럼명 | I3: 수집기준일자 영문컬럼명 | J3: 컬럼 수 | K3: 진단대상여부 | L3: 대상제외사유 | M3: 필수여부 | N3: 진단범위 | O3: DBMS 종류 버전
A4: Baseline DB | B4: 5.3.1 | C4: 1 | D4: Clinical Data | E4: 환자정보 | F4: PERSON | G4: 2010년~현재 | J4: 18 | K4: Y | M4: Y | N4: 전체 | O4: 예)SAP HANA 2.0
A5: Baseline DB | B5: 5.3.1 | C5: 2 | D5: Clinical Data | E5: 관찰기간정보 | F5: OBSERVATION_PERIOD | G5: 2010년~현재 | J5: 5 | K5: Y | M5: Y | N5: 전체 | O5: 예)SAP HANA 2.0
A6: Baseline DB | B6: 5.3.1 | C6: 3 | D6: Clinical Data | E6: 내원정보 | F6: VISIT_OCCURRENCE | G6: 2010년~현재 | J6: 17 | K6: Y | M6: Y | N6: 전체 | O6: 예)SAP HANA 2.0
A7: Baseline DB | B7: 5.3.1 | C7: 4 | D7: Clinical Data | E7: 내원상세 | F7: VISIT_DETAIL | G7: 2010년~현재 | J7: 19 | K7: Y | M7: - | N7: 전체 | O7: 예)SAP HANA 2.0
A8: Baseline DB | B8: 5.3.1 | C8: 5 | D8: Clinical Data | E8: 진단정보 | F8: CONDITION_OCCURRENCE | G8: 2010년~현재 | J8: 16 | K8: Y | M8: Y | N8: 전체 | O8: 예)SAP HANA 2.0
A9: Baseline DB | B9: 5.3.1 | C9: 6 | D9: Clinical Data | E9: 투약정보 | F9: DRUG_EXPOSURE | G9: 2010년~현재 | J9: 23 | K9: Y | M9: Y | N9: 전체 | O9: 예)SAP HANA 2.0
A10: Baseline DB | B10: 5.3.1 | C10: 7 | D10: Clinical Data | E10: 수술처치정보 | F10: PROCEDURE_OCCURRENCE | G10: 2010년~현재 | J10: 14 | K10: Y | M10: Y | N10: 전체 | O10: 예)SAP HANA 2.0
A11: Baseline DB | B11: 5.3.1 | C11: 8 | D11: Clinical Data | E11: 처치재료 | F11: DEVICE_EXPOSURE | G11: 2010년~현재 | J11: 15 | K11: Y | M11: - | N11: 전체 | O11: 예)SAP HANA 2.0
A12: Baseline DB | B12: 5.3.1 | C12: 9 | D12: Clinical Data | E12: 검사정보 | F12: MEASUREMENT | G12: 2010년~현재 | J12: 20 | K12: Y | M12: Y | N12: 전체 | O12: 예)SAP HANA 2.0
A13: Baseline DB | B13: 5.3.1 | C13: 10 | D13: Clinical Data | E13: 관찰정보 | F13: OBSERVATION | G13: 2010년~현재 | J13: 18 | K13: Y | M13: Y | N13: 전체 | O13: 예)SAP HANA 2.0
A14: Baseline DB | B14: 5.3.1 | C14: 11 | D14: Clinical Data | E14: 사망정보 | F14: DEATH | G14: 2010년~현재 | J14: 7 | K14: Y | M14: Y | N14: 전체 | O14: 예)SAP HANA 2.0
A15: Baseline DB | B15: 5.3.1 | C15: 12 | D15: Clinical Data | E15: 기록정보 | F15: NOTE | G15: 2010년~현재 | J15: 14 | K15: Y | M15: Y | N15: 전체 | O15: 예)SAP HANA 2.0
... A17: Baseline DB | B17: 5.3.1 | C17: 14 | D17: Clinical Data | E17: 인체유래물정보 | F17: SPECIMEN | G17: 2010년~현재 | J17: 15 | K17: Y | M17: - | N17: 전체 | O17: 예)SAP HANA 2.0
A18: Baseline DB | B18: 5.4 | C18: 1 | D18: Clinical Data | E18: 환자정보 | F18: PERSON | G18: 2010년~현재 | J18: 18 | K18: Y | M18: Y | N18: 전체 | O18: 예)SAP HANA 2.0
A19: Baseline DB | B19: 5.4 | C19: 2 | D19: Clinical Data | E19: 관찰기간정보 | F19: OBSERVATION_PERIOD | G19: 2010년~현재 | J19: 5 | K19: Y | M19: Y | N19: 전체 | O19: 예)SAP HANA 2.0
A20: Baseline DB | B20: 5.4 | C20: 3 | D20: Clinical Data | E20: 내원정보 | F20: VISIT_OCCURRENCE | G20: 2010년~현재 | J20: 17 | K20: Y | M20: Y | N20: 전체 | O20: 예)SAP HANA 2.0
A21: Baseline DB | B21: 5.4 | C21: 4 | D21: Clinical Data | E21: 내원상세 | F21: VISIT_DETAIL | G21: 2010년~현재 | J21: 19 | K21: Y | M21: - | N21: 전체 | O21: 예)SAP HANA 2.0
A22: Baseline DB | B22: 5.4 | C22: 5 | D22: Clinical Data | E22: 진단정보 | F22: CONDITION_OCCURRENCE | G22: 2010년~현재 | J22: 16 | K22: Y | M22: Y | N22: 전체 | O22: 예)SAP HANA 2.0
A23: Baseline DB | B23: 5.4 | C23: 6 | D23: Clinical Data | E23: 투약정보 | F23: DRUG_EXPOSURE | G23: 2010년~현재 | J23: 23 | K23: Y | M23: Y | N23: 전체 | O23: 예)SAP HANA 2.0
A24: Baseline DB | B24: 5.4 | C24: 7 | D24: Clinical Data | E24: 수술처치정보 | F24: PROCEDURE_OCCURRENCE | G24: 2010년~현재 | J24: 16 | K24: Y | M24: Y | N24: 전체 | O24: 예)SAP HANA 2.0
A25: Baseline DB | B25: 5.4 | C25: 8 | D25: Clinical Data | E25: 처치재료 | F25: DEVICE_EXPOSURE | G25: 2010년~현재 | J25: 19 | K25: Y | M25: - | N25: 전체 | O25: 예)SAP HANA 2.0
A26: Baseline DB | B26: 5.4 | C26: 9 | D26: Clinical Data | E26: 검사정보 | F26: MEASUREMENT | G26: 2010년~현재 | J26: 23 | K26: Y | M26: Y | N26: 전체 | O26: 예)SAP HANA 2.0
A27: Baseline DB | B27: 5.4 | C27: 10 | D27: Clinical Data | E27: 관찰정보 | F27: OBSERVATION | G27: 2010년~현재 | J27: 21 | K27: Y | M27: Y | N27: 전체 | O27: 예)SAP HANA 2.0
A28: Baseline DB | B28: 5.4 | C28: 11 | D28: Clinical Data | E28: 사망정보 | F28: DEATH | G28: 2010년~현재 | J28: 7 | K28: Y | M28: Y | N28: 전체 | O28: 예)SAP HANA 2.0
A29: Baseline DB | B29: 5.4 | C29: 12 | D29: Clinical Data | E29: 기록정보 | F29: NOTE | G29: 2010년~현재 | J29: 16 | K29: Y | M29: Y | N29: 전체 | O29: 예)SAP HANA 2.0
... A31: Baseline DB | B31: 5.4 | C31: 14 | D31: Clinical Data | E31: 인체유래물정보 | F31: SPECIMEN | G31: 2010년~현재 | J31: 15 | K31: Y | M31: - | N31: 전체 | O31: 예)SAP HANA 2.0

Sheet Ⅲ.품질진단 컬럼_규칙_결과
P1: 항목정의서 정보 | S1: 2. 진단규칙 정의 | AP1: SAP HANA | AY1: MSSQL | BH1: postgreSQL | BQ1: MariaDB | BZ1: oracle | CI1: Sybase IQ(확인필요) | CR1: 3.진단 결과 | CV1: 수집동의
A2: 버전 | B2: 대분류 | C2: 스키마명 | D2: 테이블순번 | E2: 주제분류 | F2: 한글테이블명 | G2: 영문테이블명 | H2: 컬럼순번 | I2: 한글컬럼명 | J2: 영문컬럼명 | K2: 데이터타입 | L2: PK | M2: 도메인명 | N2: 설명 | O2: 값 | P2: 항목명 | Q2: 비고 | R2: NULL 여부 | S2: 진단기준 | T2: 공통항목 여부 | U2: 진단NO | V2: 진단대상 여부 | W2: 진단대상 제외사유/특이사항 | X2: 진단방법 | Y2: 업무규칙ID | Z2: 상세지표 | AA2: 진단유형 | AB2: CD_CLCD ( 코드분류코드) | AC2: CD_ID (코드ID) | AD2: CD_NM (관련코드그룹컬럼명) | AE2: 코드명 관리여부 | AF2: 코드테이블 스키마명 | AG2: 코드테이블 | AH2: 코드명 (참조) | AI2: 코드값 (참조) | AJ2: 참조테이블명 | AK2: 참조컬럼명 | AL2: 최소값 | AM2: 최대값 | AN2: 진단규칙 내용 | AO2: 오류제외 데이터 (기본값) | AP2: 총건수 | AQ2: UNION ALL | AR2: 프로시저 | AS2: 오류건수 | AT2: UNION ALL | AU2: 프로시저 | AV2: 오류데이터 | AW2: UNION ALL | AX2: 프로시저 | AY2: 총건수 | AZ2: UNION ALL | BA2: 프로시저 | BB2: 오류건수 | BC2: UNION ALL | BD2: 프로시저 | BE2: 오류데이터 | BF2: UNION ALL | BG2: 프로시저 | BH2: 총건수 | BI2: UNION ALL | BJ2: 프로시저 | BK2: 오류건수 | BL2: UNION ALL | BM2: 프로시저 | BN2: 오류데이터 | BO2: UNION ALL | BP2: 프로시저 | BQ2: 총건수 | BR2: UNION ALL | BS2: 프로시저 | BT2: 오류건수 | BU2: UNION ALL | BV2: 프로시저 | BW2: 오류데이터 | BX2: UNION ALL | BY2: 프로시저 | BZ2: 총건수 | CA2: UNION ALL | CB2: 프로시저 | CC2: 오류건수 | CD2: UNION ALL | CE2: 프로시저 | CF2: 오류데이터 | CG2: UNION ALL | CH2: 프로시저 | CI2: 총건수 | CJ2: UNION ALL | CK2: 프로시저 | CL2: 오류건수 | CM2: UNION ALL | CN2: 프로시저 | CO2: 오류데이터 | CP2: UNION ALL | CQ2: 프로시저 | CR2: 총건수 | CS2: 오류건수 | CT2: 오류율(%) | CU2: 오류데이터(최대 3개)
A3: 5.3.1 | B3: Baseline DB | C3: YourSchemaName | D3: 1 | E3: Clinical Data | F3: 환자정보 | G3: PERSON | H3: 1 | I3: CDM 환자ID | J3: PERSON_ID | K3: INTEGER | L3: PK | N3: CDM 환자ID | O3: 100000001 | Q3: 필수 | R3: NOT NULL | V3: N | W3: 숫자형 일련번호 | CR3: =IFERROR(VLOOKUP("ID"&U3,V.진단결과!$A$2:$E$99558,4,0),0) -> 0 | CS3: =IFERROR(VLOOKUP("ID"&U3,V.진단결과!$A$2:$E$99558,5,0),0) -> 0 | CT3: =IFERROR(CS3/CR3,0) -> 0 | CU3: =SUBSTITUTE(IFERROR(VLOOKUP("ID"&U3,V.진단결과!$A$2:$F$99558,6,0),""),$AO3,"")
A4: 5.3.1 | B4: Baseline DB | C4: YourSchemaName | D4: 1 | E4: Clinical Data | F4: 환자정보 | G4: PERSON | H4: 1 | I4: CDM 환자ID | J4: PERSON_ID | K4: INTEGER | L4: PK | N4: CDM 환자ID | O4: 100000001 | Q4: 필수 | R4: NOT NULL | U4: 1002 | V4: Y | Z4: 단독 완전성 | AA4: 필수값 | AN4: =F4 &"["&G4&"]의 "& I4 &"["& J4 &"]는 필수적으로 존재하여만 한다." -> 환자정보[PERSON]의 CDM 환자ID[PERSON_ID]는 필수적으로 존재하여만 한다. | AP4: ="SELECT 'ID"& $U4 &"' AS RULE_ID, '"& $G4 &"' AS TB_NM, '"& $J4 &"' AS COL_NM, COUNT(*) AS TOT_CNT FROM "&$C4&"."& $G4 &" " -> SELECT 'ID1002' AS RULE_ID, 'PERSON' AS TB_NM, 'PERSON_ID' AS COL_NM, COUNT(*) AS TOT_CNT FROM YourSchemaName.PERSON | AQ4: UNION ALL | AR4: ="CREATE OR REPLACE PROCEDURE quality_check_tot_cnt()" & CHAR(10) & " LANGUAGE SQLSCRIPT" & CHAR(10) & " SQL SECURITY INVOKER" & CHAR(10) & " AS" & CHAR(10) & "BEGIN" & CHAR(10) & " -- 프로시저 본문" & CHAR(10) & " -- 변수 선언" & CHAR(10) & " DECLARE RULE_ID_VAL VARCHAR(30);" & CHAR(10) & " DECLARE TB_NM_VAL VARCHAR(50);" & CHAR(10) & " DECLARE COL_NM_VAL VARCHAR(50);" & CHAR(10) & " DECLARE TOT_CNT_VAL VARCHAR(50);" & CHAR(10) & " DECLARE ERR_CNT_VAL VARCHAR(50);" & CHAR(10) & " DECLARE ERR_VALUE_VAL VARCHAR(4000);" & CHAR(10) & "BEGIN" & CHAR(10) & " -- 테이블이 존재하지 않으면 생성하기 위한 로직" & CHAR(10) & " IF NOT EXISTS (SELECT * FROM SYS.TABLES WHERE UPPER(TABLE_NAME) = 'RESULT_QUALITY_CHECK') THEN" & CHAR(10) & " EXECUTE IMMEDIATE 'CREATE TABLE result_quality_check (" & CHAR(10) & " RULE_ID VARCHAR(30)," & CHAR(10) & " TB_NM VARCHAR(50)," & CHAR(10) & " COL_NM VARCHAR(50)," & CHAR(10) & " TOT_CNT VARCHAR(50)," & CHAR(10) & " ERR_CNT VARCHAR(50)," & CHAR(10) & " ERR_VALUE TEXT" & CHAR(10) & " )';" & CHAR(10) & " END IF;" & CHAR(10) & " COMMIT;" & CHAR(10) & " IF NOT EXISTS (SELECT * FROM SYS.SEQUENCES WHERE UPPER(SEQUENCE_NAME) = 'QUALITY_CHECK_SEQ') THEN" & CHAR(10) & " EXECUTE IMMEDIATE 'CREATE SEQUENCE quality_check_seq" & CHAR(10) & " START WITH 1" & CHAR(10) & " INCREMENT BY 1" & CHAR(10) & " CACHE 10" & CHAR(10) & " CYCLE" & CHAR(10) & " )';" & CHAR(10) & " END IF;" & CHAR(10) & " COMMIT;" & CHAR(10) & " IF NOT EXISTS (SELECT * FROM SYS.TABLES WHERE UPPER(TABLE_NAME) = 'QUALITY_CHECK_ERROR_LOG') THEN" & CHAR(10) & " EXECUTE IMMEDIATE 'CREATE TABLE quality_check_error_log (" & CHAR(10) & " SEQ BIGINT PRIMARY KEY," & CHAR(10) & " CHK_ID VARCHAR(30)," & CHAR(10) & " CHK_TIME TIMESTAMP DEFAULT CURRENT_TIMESTAMP," & CHAR(10) & " ERROR_MESSAGE TEXT" & CHAR(10) & " )';" & CHAR(10) & " END IF;" & CHAR(10) & " COMMIT;" & CHAR(10) & "END;" & CHAR(10) & "BEGIN" & CHAR(10) & " DELETE FROM RESULT_QUALITY_CHECK WHERE 1=1;" & CHAR(10) & "END;" & CHAR(10) & "BEGIN" & CHAR(10) & " DECLARE EXIT HANDLER FOR SQLEXCEPTION" & CHAR(10) & " BEGIN" & CHAR(10) & " DECLARE SQL_ERROR_CODE INTEGER;" & CHAR(10) & " DECLARE SQL_ERROR_MESSAGE NVARCHAR(1000);" & CHAR(10) & " SQL_ERROR_CODE := ::SQL_ERROR_CODE;" & CHAR(10) & " SQL_ERROR_MESSAGE := ::SQL_ERROR_MESSAGE;" & CHAR(10) & " -- 에러 메시지 기록" & CHAR(10) & " INSERT INTO quality_check_error_log (SEQ, CHK_ID, ERROR_MESSAGE)" & CHAR(10) & " VALUES (quality_check_seq.NEXTVAL, RULE_ID_VAL, 'Error Code: ' || SQL_ERROR_CODE || ', Message: ' || SQL_ERROR_MESSAGE);" & CHAR(10) & " END;" & CHAR(10) & " WITH query_result AS (" & CHAR(10) & " -- 쿼리 결과를 변수에 저장" & CHAR(10) & " "&AP4& CHAR(10) & " )" & CHAR(10) & " SELECT" & CHAR(10) & " RULE_ID, TB_NM, COL_NM, TOT_CNT" & CHAR(10) & " INTO" & CHAR(10) & " RULE_ID_VAL, TB_NM_VAL, COL_NM_VAL, TOT_CNT_VAL" & CHAR(10) & " FROM query_result;" & CHAR(10) & " -- 결과를 테이블에 삽입" & CHAR(10) & " INSERT INTO result_quality_check (RULE_ID, TB_NM, COL_NM, TOT_CNT)" & CHAR(10) & " VALUES (RULE_ID_VAL, TB_NM_VAL, COL_NM_VAL, TOT_CNT_VAL);" & CHAR(10) & " COMMIT;" & CHAR(10) -> CREATE OR REPLACE PROCEDURE quality_check_tot_cnt() LANGUAGE SQLSCRIPT SQL SECURITY INVOKER AS BEGIN -- 프로시저 본문 -- 변수 선언 DECLARE RULE_ID_VAL VARCHAR(30); DECLARE TB_NM_VAL VARCHAR(50); DECLARE COL_NM_VAL VARCHAR(50); DECLARE TOT_CNT_VAL VARCHAR(50); DECLARE ERR_CNT_VAL VARCHAR(50); DECLARE ERR_VALUE_VAL VARCHAR(4000); BEGIN -- 테이블이 존재하지 않으면 생성하기 위한 로직 IF NOT EXISTS (SELECT * FROM SYS.TABLES WHERE UPPER(TABLE_NAME) = 'RESULT_QUALITY_CHECK') THEN EXECUTE IMMEDIATE 'CREATE TABLE result_quality_check ( RULE_ID VARCHAR(30), TB_NM VARCHAR(50), COL_NM VARCHAR(50), TOT_CNT VARCHAR(50), ERR_CNT VARCHAR(50), ERR_VALUE TEXT )'; END IF; COMMIT; IF NOT EXISTS (SELECT * FROM SYS.SEQUENCES WHERE UPPER(SEQUENCE_NAME) = 'QUALITY_CHECK_SEQ') THEN EXECUTE IMMEDIATE 'CREATE SEQUENCE quality_check_seq START WITH 1 INCREMENT BY 1 CACHE 10 CYCLE )'; END IF; COMMIT; IF NOT EXISTS (SELECT * FROM SYS.TABLES WHERE UPPER(TABLE_NAME) = 'QUALITY_CHECK_ERROR_LOG') THEN EXECUTE IMMEDIATE 'CREATE TABLE quality_check_error_log ( SEQ BIGINT PRIMARY KEY, CHK_ID VARCHAR(30), CHK_TIME TIMESTAMP DEFAULT CURRENT_TIMESTAMP, ERROR_MESSAGE TEXT )'; END IF; COMMIT; END; BEGIN DELETE FROM RESULT_QUALITY_CHECK WHERE 1=1; END; BEGIN DECLARE EXIT HANDLER FOR SQLEXCEPTION BEGIN DECLARE SQL_ERROR_CODE INTEGER; DECLARE SQL_ERROR_MESSAGE NVARCHAR(1000); SQL_ERROR_CODE := ::SQL_ERROR_CODE; SQL_ERROR_MESSAGE := ::SQL_ERROR_MESSAGE; -- 에러 메시지 기록 INSERT INTO quality_check_error_log (SEQ, CHK_ID, ERROR_MESSAGE) VALUES (quality_check_seq.NEXTVAL, RULE_ID_VAL, 'Error Code: ' || SQL_ERROR_CODE || ', Message: ' || SQL_ERROR_MESSAGE); END; WITH query_result AS ( -- 쿼리 결과를 변수에 저장 SELECT 'ID1002' AS RULE_ID, 'PERSON' AS TB_NM, 'PERSON_ID' AS COL_NM, COUNT(*) AS TOT_CNT FROM YourSchemaName.PERSON ) SELECT RULE_ID, TB_NM, COL_NM, TOT_CNT INTO RULE_ID_VAL, TB_NM_VAL, COL_NM_VAL, TOT_CNT_VAL FROM query_result; -- 결과를 테이블에 삽입 INSERT INTO result_quality_check (RULE_ID, TB_NM, COL_NM, TOT_CNT) VALUES (RULE_ID_VAL, TB_NM_VAL, COL_NM_VAL, TOT_CNT_VAL); COMMIT; | AS4: ="SELECT 'ID"& $U4 &"' AS RULE_ID, '"& $G4 &"' AS TB_NM, '"& $J4 &"' AS COL_NM, COUNT(*) AS ERR_CNT FROM "&$C4&"."& $G4 &" A WHERE "& $J4 &" IS NULL " -> SELECT 'ID1002' AS RULE_ID, 'PERSON' AS TB_NM, 'PERSON_ID' AS COL_NM, COUNT(*) AS ERR_CNT FROM YourSchemaName.PERSON A WHERE PERSON_ID IS NULL | AT4: UNION ALL | AU4: ="CREATE OR REPLACE PROCEDURE quality_check_err_cnt()" & CHAR(10) & " LANGUAGE SQLSCRIPT" & CHAR(10) & " SQL SECURITY INVOKER" & CHAR(10) & " AS" & CHAR(10) & "BEGIN" & CHAR(10) & " -- 프로시저 본문" & CHAR(10) & " -- 변수 선언" & CHAR(10) & " DECLARE RULE_ID_VAL VARCHAR(30);" & CHAR(10) & " DECLARE TB_NM_VAL VARCHAR(50);" & CHAR(10) & " DECLARE COL_NM_VAL VARCHAR(50);" & CHAR(10) & " DECLARE TOT_CNT_VAL VARCHAR(50);" & CHAR(10) & " DECLARE ERR_CNT_VAL VARCHAR(50);" & CHAR(10) & " DECLARE ERR_VALUE_VAL VARCHAR(4000);" & CHAR(10) & "BEGIN" & CHAR(10) & " -- 테이블이 존재하지 않으면 생성하기 위한 로직" & CHAR(10) & " IF NOT EXISTS (SELECT * FROM SYS.TABLES WHERE UPPER(TABLE_NAME) = 'RESULT_QUALITY_CHECK') THEN" & CHAR(10) & " EXECUTE IMMEDIATE 'CREATE TABLE result_quality_check (" & CHAR(10) & " RULE_ID VARCHAR(30)," & CHAR(10) & " TB_NM VARCHAR(50)," & CHAR(10) & " COL_NM VARCHAR(50)," & CHAR(10) & " TOT_CNT VARCHAR(50)," & CHAR(10) & " ERR_CNT VARCHAR(50)," & CHAR(10) & " ERR_VALUE TEXT" & CHAR(10) & " )';" & CHAR(10) & " END IF;" & CHAR(10) & " COMMIT;" & CHAR(10) & " IF NOT EXISTS (SELECT * FROM SYS.SEQUENCES WHERE UPPER(SEQUENCE_NAME) = 'QUALITY_CHECK_SEQ') THEN" & CHAR(10) & " EXECUTE IMMEDIATE 'CREATE SEQUENCE quality_check_seq" & CHAR(10) & " START WITH 1" & CHAR(10) & " INCREMENT BY 1" & CHAR(10) & " CACHE 10" & CHAR(10) & " CYCLE" & CHAR(10) & " ';" & CHAR(10) & " END IF;" & CHAR(10) & " COMMIT;" & CHAR(10) & " IF NOT EXISTS (SELECT * FROM SYS.TABLES WHERE UPPER(TABLE_NAME) = 'QUALITY_CHECK_ERROR_LOG') THEN" & CHAR(10) & " EXECUTE IMMEDIATE 'CREATE TABLE quality_check_error_log (" & CHAR(10) & " SEQ BIGINT PRIMARY KEY," & CHAR(10) & " CHK_ID VARCHAR(30)," & CHAR(10) & " CHK_TIME TIMESTAMP DEFAULT CURRENT_TIMESTAMP," & CHAR(10) & " ERROR_MESSAGE TEXT" & CHAR(10) & " )';" & CHAR(10) & " END IF;" & CHAR(10) & " COMMIT;" & CHAR(10) & "END;" & CHAR(10) & "BEGIN" & CHAR(10) & " UPDATE RESULT_QUALITY_CHECK SET ERR_CNT = NULL, ERR_VALUE = NULL WHERE 1=1;" & CHAR(10) & "END;" & CHAR(10) & "BEGIN" & CHAR(10) & " DECLARE EXIT HANDLER FOR SQLEXCEPTION" & CHAR(10) & " BEGIN" & CHAR(10) & " DECLARE SQL_ERROR_CODE INTEGER;" & CHAR(10) & " DECLARE SQL_ERROR_MESSAGE NVARCHAR(1000);" & CHAR(10) & " SQL_ERROR_CODE := ::SQL_ERROR_CODE;" & CHAR(10) & " SQL_ERROR_MESSAGE := ::SQL_ERROR_MESSAGE;" & CHAR(10) & " -- 에러 메시지 기록" & CHAR(10) & " INSERT INTO quality_check_error_log (SEQ, CHK_ID, ERROR_MESSAGE)" & CHAR(10) & " VALUES (quality_check_seq.NEXTVAL, RULE_ID_VAL, 'Error Code: ' || SQL_ERROR_CODE || ', Message: ' || SQL_ERROR_MESSAGE);" & CHAR(10) & " END;" & CHAR(10) & " WITH query_result AS (" & CHAR(10) & " -- 쿼리 결과를 변수에 저장" & CHAR(10) & " " & AS4 & CHAR(10) & " )" & CHAR(10) & " SELECT" & CHAR(10) & " RULE_ID, TB_NM, COL_NM, ERR_CNT" & CHAR(10) & " INTO" & CHAR(10) & " RULE_ID_VAL, TB_NM_VAL, COL_NM_VAL, ERR_CNT_VAL" & CHAR(10) & " FROM query_result;" & CHAR(10) & " -- 결과를 테이블에 삽입" & CHAR(10) & " UPDATE result_quality_check SET ERR_CNT = ERR_CNT_VAL WHERE RULE_ID = RULE_ID_VAL;" & CHAR(10) & " COMMIT;" & CHAR(10) -> CREATE OR REPLACE PROCEDURE quality_check_err_cnt() LANGUAGE SQLSCRIPT SQL SECURITY INVOKER AS BEGIN -- 프로시저 본문 -- 변수 선언 DECLARE RULE_ID_VAL VARCHAR(30); DECLARE TB_NM_VAL VARCHAR(50); DECLARE COL_NM_VAL VARCHAR(50); DECLARE TOT_CNT_VAL VARCHAR(50); DECLARE ERR_CNT_VAL VARCHAR(50); DECLARE ERR_VALUE_VAL VARCHAR(4000); BEGIN -- 테이블이 존재하지 않으면 생성하기 위한 로직 IF NOT EXISTS (SELECT * FROM SYS.TABLES WHERE UPPER(TABLE_NAME) = 'RESULT_QUALITY_CHECK') THEN EXECUTE IMMEDIATE 'CREATE TABLE result_quality_check ( RULE_ID VARCHAR(30), TB_NM VARCHAR(50), COL_NM VARCHAR(50), TOT_CNT VARCHAR(50), ERR_CNT VARCHAR(50), ERR_VALUE TEXT )'; END IF; COMMIT; IF NOT EXISTS (SELECT * FROM SYS.SEQUENCES WHERE UPPER(SEQUENCE_NAME) = 'QUALITY_CHECK_SEQ') THEN EXECUTE IMMEDIATE 'CREATE SEQUENCE quality_check_seq START WITH 1 INCREMENT BY 1 CACHE 10 CYCLE '; END IF; COMMIT; IF NOT EXISTS (SELECT * FROM SYS.TABLES WHERE UPPER(TABLE_NAME) = 'QUALITY_CHECK_ERROR_LOG') THEN EXECUTE IMMEDIATE 'CREATE TABLE quality_check_error_log ( SEQ BIGINT PRIMARY KEY, CHK_ID VARCHAR(30), CHK_TIME TIMESTAMP DEFAULT CURRENT_TIMESTAMP, ERROR_MESSAGE TEXT )'; END IF; COMMIT; END; BEGIN UPDATE RESULT_QUALITY_CHECK SET ERR_CNT = NULL, ERR_VALUE = NULL WHERE 1=1; END; BEGIN DECLARE EXIT HANDLER FOR SQLEXCEPTION BEGIN DECLARE SQL_ERROR_CODE INTEGER; DECLARE SQL_ERROR_MESSAGE NVARCHAR(1000); SQL_ERROR_CODE := ::SQL_ERROR_CODE; SQL_ERROR_MESSAGE := ::SQL_ERROR_MESSAGE; -- 에러 메시지 기록 INSERT INTO quality_check_error_log (SEQ, CHK_ID, ERROR_MESSAGE) VALUES (quality_check_seq.NEXTVAL, RULE_ID_VAL, 'Error Code: ' || SQL_ERROR_CODE || ', Message: ' || SQL_ERROR_MESSAGE); END; WITH query_result AS ( -- 쿼리 결과를 변수에 저장 SELECT 'ID1002' AS RULE_ID, 'PERSON' AS TB_NM, 'PERSON_ID' AS COL_NM, COUNT(*) AS ERR_CNT FROM YourSchemaName.PERSON A WHERE PERSON_ID IS NULL ) SELECT RULE_ID, TB_NM, COL_NM, ERR_CNT INTO RULE_ID_VAL, TB_NM_VAL, COL_NM_VAL, ERR_CNT_VAL FROM query_result; -- 결과를 테이블에 삽입 UPDATE result_quality_check SET ERR_CNT = ERR_CNT_VAL WHERE RULE_ID = RULE_ID_VAL; COMMIT; | AV4: ="SELECT ERR_VALUE, RULE_ID, TB_NM, COL_NM FROM ( SELECT DISTINCT SUBSTRING(CAST("& $J4 &" AS VARCHAR),1,30) AS ERR_VALUE, 'ID"& $U4 &"' AS RULE_ID, '"& $G4 &"' AS TB_NM, '"& $J4 &"' AS COL_NM FROM "&$C4&"."& $G4 &" A WHERE "& $J4 &" IS NULL LIMIT 3 ) XX " -> SELECT ERR_VALUE, RULE_ID, TB_NM, COL_NM FROM ( SELECT DISTINCT SUBSTRING(CAST(PERSON_ID AS VARCHAR),1,30) AS ERR_VALUE, 'ID1002' AS RULE_ID, 'PERSON' AS TB_NM, 'PERSON_ID' AS COL_NM FROM YourSchemaName.PERSON A WHERE PERSON_ID IS NULL LIMIT 3 ) XX | AW4: UNION ALL | AX4: ="CREATE OR REPLACE PROCEDURE quality_check_err_val()" & CHAR(10) & " LANGUAGE SQLSCRIPT" & CHAR(10) & " SQL SECURITY INVOKER" & CHAR(10) & " AS" & CHAR(10) & "BEGIN" & CHAR(10) & " -- 프로시저 본문" & CHAR(10) & " -- 변수 선언" & CHAR(10) & " DECLARE RULE_ID_VAL VARCHAR(30);" & CHAR(10) & " DECLARE TB_NM_VAL VARCHAR(50);" & CHAR(10) & " DECLARE COL_NM_VAL VARCHAR(50);" & CHAR(10) & " DECLARE TOT_CNT_VAL VARCHAR(50);" & CHAR(10) & " DECLARE ERR_CNT_VAL VARCHAR(50);" & CHAR(10) & " DECLARE ERR_VALUE_VAL VARCHAR(4000);" & CHAR(10) & "BEGIN" & CHAR(10) & " -- 테이블이 존재하지 않으면 생성하기 위한 로직" & CHAR(10) & " IF NOT EXISTS (SELECT * FROM SYS.TABLES WHERE UPPER(TABLE_NAME) = 'RESULT_QUALITY_CHECK') THEN" & CHAR(10) & " EXECUTE IMMEDIATE 'CREATE TABLE result_quality_check (" & CHAR(10) & " RULE_ID VARCHAR(30)," & CHAR(10) & " TB_NM VARCHAR(50)," & CHAR(10) & " COL_NM VARCHAR(50)," & CHAR(10) & " TOT_CNT VARCHAR(50)," & CHAR(10) & " ERR_CNT VARCHAR(50)," & CHAR(10) & " ERR_VALUE TEXT" & CHAR(10) & " )';" & CHAR(10) & " END IF;" & CHAR(10) & " COMMIT;" & CHAR(10) & " IF NOT EXISTS (SELECT * FROM SYS.SEQUENCES WHERE UPPER(SEQUENCE_NAME) = 'QUALITY_CHECK_SEQ') THEN" & CHAR(10) & " EXECUTE IMMEDIATE 'CREATE SEQUENCE quality_check_seq" & CHAR(10) & " START WITH 1" & CHAR(10) & " INCREMENT BY 1" & CHAR(10) & " CACHE 10" & CHAR(10) & " CYCLE" & CHAR(10) & " ';" & CHAR(10) & " END IF;" & CHAR(10) & " COMMIT;" & CHAR(10) & " IF NOT EXISTS (SELECT * FROM SYS.TABLES WHERE UPPER(TABLE_NAME) = 'QUALITY_CHECK_ERROR_LOG') THEN" & CHAR(10) & " EXECUTE IMMEDIATE 'CREATE TABLE quality_check_error_log (" & CHAR(10) & " SEQ BIGINT PRIMARY KEY," & CHAR(10) & " CHK_ID VARCHAR(30)," & CHAR(10) & " CHK_TIME TIMESTAMP DEFAULT CURRENT_TIMESTAMP," & CHAR(10) & " ERROR_MESSAGE TEXT" & CHAR(10) & " )';" & CHAR(10) & " END IF;" & CHAR(10) & " COMMIT;" & CHAR(10) & "END;" & CHAR(10) & "BEGIN" & CHAR(10) & " UPDATE RESULT_QUALITY_CHECK SET ERR_VALUE = NULL WHERE 1=1;" & CHAR(10) & "END;" & CHAR(10) & "BEGIN" & CHAR(10) & " DECLARE EXIT HANDLER FOR SQLEXCEPTION" & CHAR(10) & " BEGIN" & CHAR(10) & " DECLARE SQL_ERROR_CODE INTEGER;" & CHAR(10) & " DECLARE SQL_ERROR_MESSAGE NVARCHAR(1000);" & CHAR(10) & " SQL_ERROR_CODE := ::SQL_ERROR_CODE;" & CHAR(10) & " SQL_ERROR_MESSAGE := ::SQL_ERROR_MESSAGE;" & CHAR(10) & " -- 에러 메시지 기록" & CHAR(10) & " INSERT INTO quality_check_error_log (SEQ, CHK_ID, ERROR_MESSAGE)" & CHAR(10) & " VALUES (quality_check_seq.NEXTVAL, RULE_ID_VAL, 'Error Code: ' || SQL_ERROR_CODE || ', Message: ' || SQL_ERROR_MESSAGE);" & CHAR(10) & " END;" & CHAR(10) & " WITH query_result AS (" & CHAR(10) & " -- 쿼리 결과를 변수에 저장" & CHAR(10) & " " & AV4 & CHAR(10) & " )" & CHAR(10) & " SELECT" & CHAR(10) & " RULE_ID, TB_NM, COL_NM, ERR_VALUE" & CHAR(10) & " INTO" & CHAR(10) & " RULE_ID_VAL, TB_NM_VAL, COL_NM_VAL, ERR_VALUE_VAL" & CHAR(10) & " FROM query_result;" & CHAR(10) & " -- 결과를 테이블에 삽입" & CHAR(10) & " UPDATE result_quality_check SET ERR_VALUE = ERR_VALUE_VAL WHERE RULE_ID = RULE_ID_VAL;" & CHAR(10) & " COMMIT;" & CHAR(10) -> CREATE OR REPLACE PROCEDURE quality_check_err_val() LANGUAGE SQLSCRIPT SQL SECURITY INVOKER AS BEGIN -- 프로시저 본문 -- 변수 선언 DECLARE RULE_ID_VAL VARCHAR(30); DECLARE TB_NM_VAL VARCHAR(50); DECLARE COL_NM_VAL VARCHAR(50); DECLARE TOT_CNT_VAL VARCHAR(50); DECLARE ERR_CNT_VAL VARCHAR(50); DECLARE ERR_VALUE_VAL VARCHAR(4000); BEGIN -- 테이블이 존재하지 않으면 생성하기 위한 로직 IF NOT EXISTS (SELECT * FROM SYS.TABLES WHERE UPPER(TABLE_NAME) = 'RESULT_QUALITY_CHECK') THEN EXECUTE IMMEDIATE 'CREATE TABLE result_quality_check ( RULE_ID VARCHAR(30), TB_NM VARCHAR(50), COL_NM VARCHAR(50), TOT_CNT VARCHAR(50), ERR_CNT VARCHAR(50), ERR_VALUE TEXT )'; END IF; COMMIT; IF NOT EXISTS (SELECT * FROM SYS.SEQUENCES WHERE UPPER(SEQUENCE_NAME) = 'QUALITY_CHECK_SEQ') THEN EXECUTE IMMEDIATE 'CREATE SEQUENCE quality_check_seq START WITH 1 INCREMENT BY 1 CACHE 10 CYCLE '; END IF; COMMIT; IF NOT EXISTS (SELECT * FROM SYS.TABLES WHERE UPPER(TABLE_NAME) = 'QUALITY_CHECK_ERROR_LOG') THEN EXECUTE IMMEDIATE 'CREATE TABLE quality_check_error_log ( SEQ BIGINT PRIMARY KEY, CHK_ID VARCHAR(30), CHK_TIME TIMESTAMP DEFAULT CURRENT_TIMESTAMP, ERROR_MESSAGE TEXT )'; END IF; COMMIT; END; BEGIN UPDATE RESULT_QUALITY_CHECK SET ERR_VALUE = NULL WHERE 1=1; END; BEGIN DECLARE EXIT HANDLER FOR SQLEXCEPTION BEGIN DECLARE SQL_ERROR_CODE INTEGER; DECLARE SQL_ERROR_MESSAGE NVARCHAR(1000); SQL_ERROR_CODE := ::SQL_ERROR_CODE; SQL_ERROR_MESSAGE := ::SQL_ERROR_MESSAGE; -- 에러 메시지 기록 INSERT INTO quality_check_error_log (SEQ, CHK_ID, ERROR_MESSAGE) VALUES (quality_check_seq.NEXTVAL, RULE_ID_VAL, 'Error Code: ' || SQL_ERROR_CODE || ', Message: ' || SQL_ERROR_MESSAGE); END; WITH query_result AS ( -- 쿼리 결과를 변수에 저장 SELECT ERR_VALUE, RULE_ID, TB_NM, COL_NM FROM ( SELECT DISTINCT SUBSTRING(CAST(PERSON_ID AS VARCHAR),1,30) AS ERR_VALUE, 'ID1002' AS RULE_ID, 'PERSON' AS TB_NM, 'PERSON_ID' AS COL_NM FROM YourSchemaName.PERSON A WHERE PERSON_ID IS NULL LIMIT 3 ) XX ) SELECT RULE_ID, TB_NM, COL_NM, ERR_VALUE INTO RULE_ID_VAL, TB_NM_VAL, COL_NM_VAL, ERR_VALUE_VAL FROM query_result; -- 결과를 테이블에 삽입 UPDATE result_quality_check SET ERR_VALUE = ERR_VALUE_VAL WHERE RULE_ID = RULE_ID_VAL; COMMIT; | AY4: ="SELECT 'ID"& $U4 &"' AS RULE_ID, '"& $G4 &"' AS TB_NM, '"& $J4 &"' AS COL_NM, COUNT(*) AS TOT_CNT FROM "&$C4&"."& $G4 &" " -> SELECT 'ID1002' AS RULE_ID, 'PERSON' AS TB_NM, 'PERSON_ID' AS COL_NM, COUNT(*) AS TOT_CNT FROM YourSchemaName.PERSON | AZ4: UNION ALL | BA4: ="CREATE PROCEDURE quality_check_tot_cnt" & CHAR(10) & " AS" & CHAR(10) & "BEGIN" & CHAR(10) & " -- 프로시저 본문" & CHAR(10) & " -- 변수 선언" & CHAR(10) & " DECLARE @RULE_ID_VAL VARCHAR(30);" & CHAR(10) & " DECLARE @TB_NM_VAL VARCHAR(50);" & CHAR(10) & " DECLARE @COL_NM_VAL VARCHAR(50);" & CHAR(10) & " DECLARE @TOT_CNT_VAL VARCHAR(50);" & CHAR(10) & " DECLARE @ERR_CNT_VAL VARCHAR(50);" & CHAR(10) & " DECLARE @ERR_VALUE_VAL VARCHAR(4000);" & CHAR(10) & "BEGIN" & CHAR(10) & " -- 테이블 생성" & CHAR(10) & " IF OBJECT_ID('dbo.result_quality_check', 'U') IS NULL" & CHAR(10) & " BEGIN" & CHAR(10) & " CREATE TABLE dbo.result_quality_check (" & CHAR(10) & " RULE_ID VARCHAR(30)," & CHAR(10) & " TB_NM VARCHAR(50)," & CHAR(10) & " COL_NM VARCHAR(50)," & CHAR(10) & " TOT_CNT VARCHAR(50)," & CHAR(10) & " ERR_CNT VARCHAR(50)," & CHAR(10) & " ERR_VALUE TEXT" & CHAR(10) & " );" & CHAR(10) & " END;" & CHAR(10) & " IF OBJECT_ID('dbo.quality_check_error_log', 'U') IS NULL" & CHAR(10) & " BEGIN" & CHAR(10) & " CREATE TABLE dbo.quality_check_error_log (" & CHAR(10) & " SEQ INT IDENTITY(1,1) PRIMARY KEY," & CHAR(10) & " CHK_ID VARCHAR(30)," & CHAR(10) & " CHK_TIME DATETIME DEFAULT GETDATE()," & CHAR(10) & " ERROR_MESSAGE TEXT" & CHAR(10) & " );" & CHAR(10) & " END;" & CHAR(10) & "END;" & CHAR(10) & "BEGIN" & CHAR(10) & " DELETE FROM RESULT_QUALITY_CHECK WHERE 1=1;" & CHAR(10) & "END;" & CHAR(10) & "BEGIN TRY" & CHAR(10) & " WITH query_result AS (" & CHAR(10) & " "&AY4& CHAR(10) & " )" & CHAR(10) & " SELECT" & CHAR(10) & " @RULE_ID_VAL = RULE_ID," & CHAR(10) & " @TB_NM_VAL = TB_NM," & CHAR(10) & " @COL_NM_VAL = COL_NM," & CHAR(10) & " @TOT_CNT_VAL = TOT_CNT" & CHAR(10) & " FROM query_result;" & CHAR(10) & " -- 결과를 테이블에 삽입" & CHAR(10) & " INSERT INTO dbo.result_quality_check (RULE_ID, TB_NM, COL_NM, TOT_CNT)" & CHAR(10) & " VALUES (@RULE_ID_VAL, @TB_NM_VAL, @COL_NM_VAL, @TOT_CNT_VAL);" & CHAR(10) & "END TRY" & CHAR(10) & "BEGIN CATCH" & CHAR(10) & " -- 오류 발생 시 에러 로그에 기록" & CHAR(10) & " INSERT INTO dbo.quality_check_error_log (CHK_ID, ERROR_MESSAGE)" & CHAR(10) & " VALUES (@RULE_ID_VAL, ERROR_MESSAGE());" & CHAR(10) & "END CATCH;" & CHAR(10) & " COMMIT;" & CHAR(10) -> CREATE PROCEDURE quality_check_tot_cnt AS BEGIN -- 프로시저 본문 -- 변수 선언 DECLARE @RULE_ID_VAL VARCHAR(30); DECLARE @TB_NM_VAL VARCHAR(50); DECLARE @COL_NM_VAL VARCHAR(50); DECLARE @TOT_CNT_VAL VARCHAR(50); DECLARE @ERR_CNT_VAL VARCHAR(50); DECLARE @ERR_VALUE_VAL VARCHAR(4000); BEGIN -- 테이블 생성 IF OBJECT_ID('dbo.result_quality_check', 'U') IS NULL BEGIN CREATE TABLE dbo.result_quality_check ( RULE_ID VARCHAR(30), TB_NM VARCHAR(50), COL_NM VARCHAR(50), TOT_CNT VARCHAR(50), ERR_CNT VARCHAR(50), ERR_VALUE TEXT ); END; IF OBJECT_ID('dbo.quality_check_error_log', 'U') IS NULL BEGIN CREATE TABLE dbo.quality_check_error_log ( SEQ INT IDENTITY(1,1) PRIMARY KEY, CHK_ID VARCHAR(30), CHK_TIME DATETIME DEFAULT GETDATE(), ERROR_MESSAGE TEXT ); END; END; BEGIN DELETE FROM RESULT_QUALITY_CHECK WHERE 1=1; END; BEGIN TRY WITH query_result AS ( SELECT 'ID1002' AS RULE_ID, 'PERSON' AS TB_NM, 'PERSON_ID' AS COL_NM, COUNT(*) AS TOT_CNT FROM YourSchemaName.PERSON ) SELECT @RULE_ID_VAL = RULE_ID, @TB_NM_VAL = TB_NM, @COL_NM_VAL = COL_NM, @TOT_CNT_VAL = TOT_CNT FROM query_result; -- 결과를 테이블에 삽입 INSERT INTO dbo.result_quality_check (RULE_ID, TB_NM, COL_NM, TOT_CNT) VALUES (@RULE_ID_VAL, @TB_NM_VAL, @COL_NM_VAL, @TOT_CNT_VAL); END TRY BEGIN CATCH -- 오류 발생 시 에러 로그에 기록 INSERT INTO dbo.quality_check_error_log (CHK_ID, ERROR_MESSAGE) VALUES (@RULE_ID_VAL, ERROR_MESSAGE()); END CATCH; COMMIT; | BB4: ="SELECT 'ID"& $U4 &"' AS RULE_ID, '"& $G4 &"' AS TB_NM, '"& $J4 &"' AS COL_NM, COUNT(*) AS ERR_CNT FROM "&$C4&"."& $G4 &" A WHERE "& $J4 &" IS NULL " -> SELECT 'ID1002' AS RULE_ID, 'PERSON' AS TB_NM, 'PERSON_ID' AS COL_NM, COUNT(*) AS ERR_CNT FROM YourSchemaName.PERSON A WHERE PERSON_ID IS NULL | BC4: UNION ALL | BD4: ="CREATE PROCEDURE quality_check_err_cnt" & CHAR(10) & " AS" & CHAR(10) & "BEGIN" & CHAR(10) & " -- 프로시저 본문" & CHAR(10) & " -- 변수 선언" & CHAR(10) & " DECLARE @RULE_ID_VAL VARCHAR(30);" & CHAR(10) & " DECLARE @TB_NM_VAL VARCHAR(50);" & CHAR(10) & " DECLARE @COL_NM_VAL VARCHAR(50);" & CHAR(10) & " DECLARE @TOT_CNT_VAL VARCHAR(50);" & CHAR(10) & " DECLARE @ERR_CNT_VAL VARCHAR(50);" & CHAR(10) & " DECLARE @ERR_VALUE_VAL VARCHAR(4000);" & CHAR(10) & "BEGIN" & CHAR(10) & " -- 테이블 생성" & CHAR(10) & " IF OBJECT_ID('dbo.result_quality_check', 'U') IS NULL" & CHAR(10) & " BEGIN" & CHAR(10) & " CREATE TABLE dbo.result_quality_check (" & CHAR(10) & " RULE_ID VARCHAR(30)," & CHAR(10) & " TB_NM VARCHAR(50)," & CHAR(10) & " COL_NM VARCHAR(50)," & CHAR(10) & " TOT_CNT VARCHAR(50)," & CHAR(10) & " ERR_CNT VARCHAR(50)," & CHAR(10) & " ERR_VALUE TEXT" & CHAR(10) & " );" & CHAR(10) & " END;" & CHAR(10) & " IF OBJECT_ID('dbo.quality_check_error_log', 'U') IS NULL" & CHAR(10) & " BEGIN" & CHAR(10) & " CREATE TABLE dbo.quality_check_error_log (" & CHAR(10) & " SEQ INT IDENTITY(1,1) PRIMARY KEY," & CHAR(10) & " CHK_ID VARCHAR(30)," & CHAR(10) & " CHK_TIME DATETIME DEFAULT GETDATE()," & CHAR(10) & " ERROR_MESSAGE TEXT" & CHAR(10) & " );" & CHAR(10) & " END;" & CHAR(10) & "END;" & CHAR(10) & "BEGIN" & CHAR(10) & " UPDATE RESULT_QUALITY_CHECK SET ERR_CNT = NULL, ERR_VALUE = NULL WHERE 1=1;" & CHAR(10) & "END;" & CHAR(10) & "BEGIN TRY" & CHAR(10) & " WITH query_result AS (" & CHAR(10) & " "&BB4& CHAR(10) & " )" & CHAR(10) & " SELECT" & CHAR(10) & " @RULE_ID_VAL = RULE_ID," & CHAR(10) & " @TB_NM_VAL = TB_NM," & CHAR(10) & " @COL_NM_VAL = COL_NM," & CHAR(10) & " @ERR_CNT_VAL = ERR_CNT" & CHAR(10) & " FROM query_result;" & CHAR(10) & " -- 결과를 테이블에 삽입" & CHAR(10) & " UPDATE dbo.result_quality_check SET ERR_CNT = @ERR_CNT_VAL WHERE RULE_ID = @RULE_ID_VAL;" & CHAR(10) &"END TRY" & CHAR(10) & "BEGIN CATCH" & CHAR(10) & " -- 오류 발생 시 에러 로그에 기록" & CHAR(10) & " INSERT INTO dbo.quality_check_error_log (CHK_ID, ERROR_MESSAGE)" & CHAR(10) & " VALUES (@RULE_ID_VAL, ERROR_MESSAGE());" & CHAR(10) & "END CATCH;" & CHAR(10) & " COMMIT; " & CHAR(10) -> CREATE PROCEDURE quality_check_err_cnt AS BEGIN -- 프로시저 본문 -- 변수 선언 DECLARE @RULE_ID_VAL VARCHAR(30); DECLARE @TB_NM_VAL VARCHAR(50); DECLARE @COL_NM_VAL VARCHAR(50); DECLARE @TOT_CNT_VAL VARCHAR(50); DECLARE @ERR_CNT_VAL VARCHAR(50); DECLARE @ERR_VALUE_VAL VARCHAR(4000); BEGIN -- 테이블 생성 IF OBJECT_ID('dbo.result_quality_check', 'U') IS NULL BEGIN CREATE TABLE dbo.result_quality_check ( RULE_ID VARCHAR(30), TB_NM VARCHAR(50), COL_NM VARCHAR(50), TOT_CNT VARCHAR(50), ERR_CNT VARCHAR(50), ERR_VALUE TEXT ); END; IF OBJECT_ID('dbo.quality_check_error_log', 'U') IS NULL BEGIN CREATE TABLE dbo.quality_check_error_log ( SEQ INT IDENTITY(1,1) PRIMARY KEY, CHK_ID VARCHAR(30), CHK_TIME DATETIME DEFAULT GETDATE(), ERROR_MESSAGE TEXT ); END; END; BEGIN UPDATE RESULT_QUALITY_CHECK SET ERR_CNT = NULL, ERR_VALUE = NULL WHERE 1=1; END; BEGIN TRY WITH query_result AS ( SELECT 'ID1002' AS RULE_ID, 'PERSON' AS TB_NM, 'PERSON_ID' AS COL_NM, COUNT(*) AS ERR_CNT FROM YourSchemaName.PERSON A WHERE PERSON_ID IS NULL ) SELECT @RULE_ID_VAL = RULE_ID, @TB_NM_VAL = TB_NM, @COL_NM_VAL = COL_NM, @ERR_CNT_VAL = ERR_CNT FROM query_result; -- 결과를 테이블에 삽입 UPDATE dbo.result_quality_check SET ERR_CNT = @ERR_CNT_VAL WHERE RULE_ID = @RULE_ID_VAL; END TRY BEGIN CATCH -- 오류 발생 시 에러 로그에 기록 INSERT INTO dbo.quality_check_error_log (CHK_ID, ERROR_MESSAGE) VALUES (@RULE_ID_VAL, ERROR_MESSAGE()); END CATCH; COMMIT; | BE4: ="SELECT TOP 3 ERR_VALUE, RULE_ID, TB_NM, COL_NM FROM ( SELECT DISTINCT SUBSTRING(CAST("& $J4 &" AS VARCHAR),1,30) AS ERR_VALUE, 'ID"& $U4 &"' AS RULE_ID, '"& $G4 &"' AS TB_NM, '"& $J4 &"' AS COL_NM FROM "&$C4&"."& $G4 &" A WHERE "& $J4 &" IS NULL ) XX " -> SELECT TOP 3 ERR_VALUE, RULE_ID, TB_NM, COL_NM FROM ( SELECT DISTINCT SUBSTRING(CAST(PERSON_ID AS VARCHAR),1,30) AS ERR_VALUE, 'ID1002' AS RULE_ID, 'PERSON' AS TB_NM, 'PERSON_ID' AS COL_NM FROM YourSchemaName.PERSON A WHERE PERSON_ID IS NULL ) XX | BF4: UNION ALL | BG4: ="CREATE PROCEDURE quality_check_err_val" & CHAR(10) & " AS" & CHAR(10) & "BEGIN" & CHAR(10) & " -- 프로시저 본문" & CHAR(10) & " -- 변수 선언" & CHAR(10) & " DECLARE @RULE_ID_VAL VARCHAR(30);" & CHAR(10) & " DECLARE @TB_NM_VAL VARCHAR(50);" & CHAR(10) & " DECLARE @COL_NM_VAL VARCHAR(50);" & CHAR(10) & " DECLARE @TOT_CNT_VAL VARCHAR(50);" & CHAR(10) & " DECLARE @ERR_CNT_VAL VARCHAR(50);" & CHAR(10) & " DECLARE @ERR_VALUE_VAL VARCHAR(4000);" & CHAR(10) & "BEGIN" & CHAR(10) & " -- 테이블 생성" & CHAR(10) & " IF OBJECT_ID('dbo.result_quality_check', 'U') IS NULL" & CHAR(10) & " BEGIN" & CHAR(10) & " CREATE TABLE dbo.result_quality_check (" & CHAR(10) & " RULE_ID VARCHAR(30)," & CHAR(10) & " TB_NM VARCHAR(50)," & CHAR(10) & " COL_NM VARCHAR(50)," & CHAR(10) & " TOT_CNT VARCHAR(50)," & CHAR(10) & " ERR_CNT VARCHAR(50)," & CHAR(10) & " ERR_VALUE TEXT" & CHAR(10) & " );" & CHAR(10) & " END;" & CHAR(10) & " IF OBJECT_ID('dbo.quality_check_error_log', 'U') IS NULL" & CHAR(10) & " BEGIN" & CHAR(10) & " CREATE TABLE dbo.quality_check_error_log (" & CHAR(10) & " SEQ INT IDENTITY(1,1) PRIMARY KEY," & CHAR(10) & " CHK_ID VARCHAR(30)," & CHAR(10) & " CHK_TIME DATETIME DEFAULT GETDATE()," & CHAR(10) & " ERROR_MESSAGE TEXT" & CHAR(10) & " );" & CHAR(10) & " END;" & CHAR(10) & "END;" & CHAR(10) & "BEGIN" & CHAR(10) & " UPDATE RESULT_QUALITY_CHECK SET ERR_VALUE = NULL WHERE 1=1;" & CHAR(10) & "END;" & CHAR(10) & "BEGIN TRY" & CHAR(10) & " WITH query_result AS (" & CHAR(10) & " "&BE4& CHAR(10) & " )" & CHAR(10) & " SELECT" & CHAR(10) & " @RULE_ID_VAL = RULE_ID," & CHAR(10) & " @TB_NM_VAL = TB_NM," & CHAR(10) & " @COL_NM_VAL = COL_NM," & CHAR(10) & " @ERR_VALUE_VAL = ERR_VALUE" & CHAR(10) & " FROM query_result;" & CHAR(10) & " -- 결과를 테이블에 삽입" & CHAR(10) & " UPDATE dbo.result_quality_check SET ERR_VALUE = @ERR_VALUE_VAL WHERE RULE_ID = @RULE_ID_VAL;" & CHAR(10) &"END TRY" & CHAR(10) & "BEGIN CATCH" & CHAR(10) & " -- 오류 발생 시 에러 로그에 기록" & CHAR(10) & " INSERT INTO dbo.quality_check_error_log (CHK_ID, ERROR_MESSAGE)" & CHAR(10) & " VALUES (@RULE_ID_VAL, ERROR_MESSAGE());" & CHAR(10) & "END CATCH;" & CHAR(10) & "COMMIT;" & CHAR(10) -> CREATE PROCEDURE quality_check_err_val AS BEGIN -- 프로시저 본문 -- 변수 선언 DECLARE @RULE_ID_VAL VARCHAR(30); DECLARE @TB_NM_VAL VARCHAR(50); DECLARE @COL_NM_VAL VARCHAR(50); DECLARE @TOT_CNT_VAL VARCHAR(50); DECLARE @ERR_CNT_VAL VARCHAR(50); DECLARE @ERR_VALUE_VAL VARCHAR(4000); BEGIN -- 테이블 생성 IF OBJECT_ID('dbo.result_quality_check', 'U') IS NULL BEGIN CREATE TABLE dbo.result_quality_check ( RULE_ID VARCHAR(30), TB_NM VARCHAR(50), COL_NM VARCHAR(50), TOT_CNT VARCHAR(50), ERR_CNT VARCHAR(50), ERR_VALUE TEXT ); END; IF OBJECT_ID('dbo.quality_check_error_log', 'U') IS NULL BEGIN CREATE TABLE dbo.quality_check_error_log ( SEQ INT IDENTITY(1,1) PRIMARY KEY, CHK_ID VARCHAR(30), CHK_TIME DATETIME DEFAULT GETDATE(), ERROR_MESSAGE TEXT ); END; END; BEGIN UPDATE RESULT_QUALITY_CHECK SET ERR_VALUE = NULL WHERE 1=1; END; BEGIN TRY WITH query_result AS ( SELECT TOP 3 ERR_VALUE, RULE_ID, TB_NM, COL_NM FROM ( SELECT DISTINCT SUBSTRING(CAST(PERSON_ID AS VARCHAR),1,30) AS ERR_VALUE, 'ID1002' AS RULE_ID, 'PERSON' AS TB_NM, 'PERSON_ID' AS COL_NM FROM YourSchemaName.PERSON A WHERE PERSON_ID IS NULL ) XX ) SELECT @RULE_ID_VAL = RULE_ID, @TB_NM_VAL = TB_NM, @COL_NM_VAL = COL_NM, @ERR_VALUE_VAL = ERR_VALUE FROM query_result; -- 결과를 테이블에 삽입 UPDATE dbo.result_quality_check SET ERR_VALUE = @ERR_VALUE_VAL WHERE RULE_ID = @RULE_ID_VAL; END TRY BEGIN CATCH -- 오류 발생 시 에러 로그에 기록 INSERT INTO dbo.quality_check_error_log (CHK_ID, ERROR_MESSAGE) VALUES (@RULE_ID_VAL, ERROR_MESSAGE()); END CATCH; COMMIT; | BH4: ="SELECT 'ID"& $U4 &"' AS RULE_ID, '"& $G4 &"' AS TB_NM, '"& $J4 &"' AS COL_NM, COUNT(*) AS TOT_CNT FROM "&$C4&"."& $G4 &" " -> SELECT 'ID1002' AS RULE_ID, 'PERSON' AS TB_NM, 'PERSON_ID' AS COL_NM, COUNT(*) AS TOT_CNT FROM YourSchemaName.PERSON | BI4: UNION ALL | BJ4: ="CREATE OR REPLACE PROCEDURE quality_check_tot_cnt()" & CHAR(10) & "LANGUAGE plpgsql" & CHAR(10) & "AS $$" & CHAR(10) & "DECLARE" & CHAR(10) & " RULE_ID_VAL VARCHAR(30);" & CHAR(10) & " TB_NM_VAL VARCHAR(50);" & CHAR(10) & " COL_NM_VAL VARCHAR(50);" & CHAR(10) & " TOT_CNT_VAL VARCHAR(50);" & CHAR(10) & " ERR_CNT_VAL VARCHAR(50);" & CHAR(10) & " ERR_VALUE_VAL TEXT;" & CHAR(10) & "BEGIN" & CHAR(10) & " -- 테이블 생성" & CHAR(10) & " CREATE TABLE IF NOT EXISTS result_quality_check (" & CHAR(10) & " RULE_ID VARCHAR(30)," & CHAR(10) & " TB_NM VARCHAR(50)," & CHAR(10) & " COL_NM VARCHAR(50)," & CHAR(10) & " TOT_CNT VARCHAR(50)," & CHAR(10) & " ERR_CNT VARCHAR(50)," & CHAR(10) & " ERR_VALUE TEXT" & CHAR(10) & " );" & CHAR(10) & " " & CHAR(10) & " CREATE TABLE IF NOT EXISTS quality_check_error_log (" & CHAR(10) & " SEQ SERIAL PRIMARY KEY," & CHAR(10) & " CHK_ID VARCHAR(30)," & CHAR(10) & " CHK_TIME TIMESTAMP DEFAULT CURRENT_TIMESTAMP," & CHAR(10) & " ERROR_MESSAGE TEXT" & CHAR(10) & " );" & CHAR(10) & " " & CHAR(10) & " BEGIN" & CHAR(10) & " DELETE FROM result_quality_check WHERE 1=1;" & CHAR(10) & " COMMIT;" & CHAR(10) & " END;" & CHAR(10) & "BEGIN" & CHAR(10) & " -- 쿼리 결과를 변수에 저장" & CHAR(10) & " " & BH4 & " INTO RULE_ID_VAL, TB_NM_VAL, COL_NM_VAL, TOT_CNT_VAL;" & CHAR(10) & " -- 결과를 테이블에 삽입" & CHAR(10) & " INSERT INTO result_quality_check (RULE_ID, TB_NM, COL_NM, TOT_CNT)" & CHAR(10) & " VALUES (RULE_ID_VAL, TB_NM_VAL, COL_NM_VAL, TOT_CNT_VAL);" & CHAR(10) & "EXCEPTION WHEN OTHERS THEN" & CHAR(10) & " -- 오류 발생 시 에러 로그에 기록" & CHAR(10) & " INSERT INTO quality_check_error_log(CHK_ID, error_message)" & CHAR(10) & " VALUES (RULE_ID_VAL, SQLERRM);" & CHAR(10) & "END; " & " COMMIT;" & CHAR(10) -> CREATE OR REPLACE PROCEDURE quality_check_tot_cnt() LANGUAGE plpgsql AS $$ DECLARE RULE_ID_VAL VARCHAR(30); TB_NM_VAL VARCHAR(50); COL_NM_VAL VARCHAR(50); TOT_CNT_VAL VARCHAR(50); ERR_CNT_VAL VARCHAR(50); ERR_VALUE_VAL TEXT; BEGIN -- 테이블 생성 CREATE TABLE IF NOT EXISTS result_quality_check ( RULE_ID VARCHAR(30), TB_NM VARCHAR(50), COL_NM VARCHAR(50), TOT_CNT VARCHAR(50), ERR_CNT VARCHAR(50), ERR_VALUE TEXT ); CREATE TABLE IF NOT EXISTS quality_check_error_log ( SEQ SERIAL PRIMARY KEY, CHK_ID VARCHAR(30), CHK_TIME TIMESTAMP DEFAULT CURRENT_TIMESTAMP, ERROR_MESSAGE TEXT ); BEGIN DELETE FROM result_quality_check WHERE 1=1; COMMIT; END; BEGIN -- 쿼리 결과를 변수에 저장 SELECT 'ID1002' AS RULE_ID, 'PERSON' AS TB_NM, 'PERSON_ID' AS COL_NM, COUNT(*) AS TOT_CNT FROM YourSchemaName.PERSON INTO RULE_ID_VAL, TB_NM_VAL, COL_NM_VAL, TOT_CNT_VAL; -- 결과를 테이블에 삽입 INSERT INTO result_quality_check (RULE_ID, TB_NM, COL_NM, TOT_CNT) VALUES (RULE_ID_VAL, TB_NM_VAL, COL_NM_VAL, TOT_CNT_VAL); EXCEPTION WHEN OTHERS THEN -- 오류 발생 시 에러 로그에 기록 INSERT INTO quality_check_error_log(CHK_ID, error_message) VALUES (RULE_ID_VAL, SQLERRM); END; COMMIT; | BK4: ="SELECT 'ID"& $U4 &"' AS RULE_ID, '"& $G4 &"' AS TB_NM, '"& $J4 &"' AS COL_NM, COUNT(*) AS ERR_CNT FROM "&$C4&"."& $G4 &" A WHERE "& $J4 &" IS NULL " -> SELECT 'ID1002' AS RULE_ID, 'PERSON' AS TB_NM, 'PERSON_ID' AS COL_NM, COUNT(*) AS ERR_CNT FROM YourSchemaName.PERSON A WHERE PERSON_ID IS NULL | BL4: UNION ALL | BM4: ="CREATE OR REPLACE PROCEDURE quality_check_err_cnt()" & CHAR(10) & "LANGUAGE plpgsql" & CHAR(10) & "AS $$" & CHAR(10) & "DECLARE" & CHAR(10) & " RULE_ID_VAL VARCHAR(30);" & CHAR(10) & " TB_NM_VAL VARCHAR(50);" & CHAR(10) & " COL_NM_VAL VARCHAR(50);" & CHAR(10) & " TOT_CNT_VAL VARCHAR(50);" & CHAR(10) & " ERR_CNT_VAL VARCHAR(50);" & CHAR(10) & " ERR_VALUE_VAL TEXT;" & CHAR(10) & "BEGIN" & CHAR(10) & " -- 테이블 생성" & CHAR(10) & " CREATE TABLE IF NOT EXISTS result_quality_check (" & CHAR(10) & " RULE_ID VARCHAR(30)," & CHAR(10) & " TB_NM VARCHAR(50)," & CHAR(10) & " COL_NM VARCHAR(50)," & CHAR(10) & " TOT_CNT VARCHAR(50)," & CHAR(10) & " ERR_CNT VARCHAR(50)," & CHAR(10) & " ERR_VALUE TEXT" & CHAR(10) & " );" & CHAR(10) & " " & CHAR(10) & " CREATE TABLE IF NOT EXISTS quality_check_error_log (" & CHAR(10) & " SEQ SERIAL PRIMARY KEY," & CHAR(10) & " CHK_ID VARCHAR(30)," & CHAR(10) & " CHK_TIME TIMESTAMP DEFAULT CURRENT_TIMESTAMP," & CHAR(10) & " ERROR_MESSAGE TEXT" & CHAR(10) & " );" & CHAR(10) & " " & CHAR(10) & " BEGIN" & CHAR(10) & " UPDATE result_quality_check SET err_cnt = NULL AND err_value = NULL WHERE 1=1;" & CHAR(10) & " COMMIT;" & CHAR(10) & " END;" & CHAR(10) & "BEGIN" & CHAR(10) & " -- 쿼리 결과를 변수에 저장" & CHAR(10) & " "&BK4&" "& CHAR(10) &" INTO RULE_ID_VAL, TB_NM_VAL, COL_NM_VAL, ERR_CNT_VAL;" & CHAR(10) & " -- 결과를 테이블에 삽입" & CHAR(10) & " UPDATE result_quality_check SET err_cnt = ERR_CNT_VAL WHERE rule_id = RULE_ID_VAL;" & CHAR(10) & "EXCEPTION WHEN OTHERS THEN" & CHAR(10) & " -- 오류 발생 시 에러 로그에 기록" & CHAR(10) & " INSERT INTO quality_check_error_log(CHK_ID, error_message)" & CHAR(10) & " VALUES (RULE_ID_VAL, SQLERRM);" & CHAR(10) & "END; " & CHAR(10) & " COMMIT;" & CHAR(10) -> CREATE OR REPLACE PROCEDURE quality_check_err_cnt() LANGUAGE plpgsql AS $$ DECLARE RULE_ID_VAL VARCHAR(30); TB_NM_VAL VARCHAR(50); COL_NM_VAL VARCHAR(50); TOT_CNT_VAL VARCHAR(50); ERR_CNT_VAL VARCHAR(50); ERR_VALUE_VAL TEXT; BEGIN -- 테이블 생성 CREATE TABLE IF NOT EXISTS result_quality_check ( RULE_ID VARCHAR(30), TB_NM VARCHAR(50), COL_NM VARCHAR(50), TOT_CNT VARCHAR(50), ERR_CNT VARCHAR(50), ERR_VALUE TEXT ); CREATE TABLE IF NOT EXISTS quality_check_error_log ( SEQ SERIAL PRIMARY KEY, CHK_ID VARCHAR(30), CHK_TIME TIMESTAMP DEFAULT CURRENT_TIMESTAMP, ERROR_MESSAGE TEXT ); BEGIN UPDATE result_quality_check SET err_cnt = NULL AND err_value = NULL WHERE 1=1; COMMIT; END; BEGIN -- 쿼리 결과를 변수에 저장 SELECT 'ID1002' AS RULE_ID, 'PERSON' AS TB_NM, 'PERSON_ID' AS COL_NM, COUNT(*) AS ERR_CNT FROM YourSchemaName.PERSON A WHERE PERSON_ID IS NULL INTO RULE_ID_VAL, TB_NM_VAL, COL_NM_VAL, ERR_CNT_VAL; -- 결과를 테이블에 삽입 UPDATE result_quality_check SET err_cnt = ERR_CNT_VAL WHERE rule_id = RULE_ID_VAL; EXCEPTION WHEN OTHERS THEN -- 오류 발생 시 에러 로그에 기록 INSERT INTO quality_check_error_log(CHK_ID, error_message) VALUES (RULE_ID_VAL, SQLERRM); END; COMMIT; | BN4: ="SELECT ERR_VALUE, RULE_ID, TB_NM, COL_NM FROM ( SELECT DISTINCT SUBSTRING(CAST("& $J4 &" AS VARCHAR),1,30) AS ERR_VALUE, 'ID"& $U4 &"' AS RULE_ID, '"& $G4 &"' AS TB_NM, '"& $J4 &"' AS COL_NM FROM "&$C4&"."& $G4 &" A WHERE "& $J4 &" IS NULL LIMIT 3 ) XX " -> SELECT ERR_VALUE, RULE_ID, TB_NM, COL_NM FROM ( SELECT DISTINCT SUBSTRING(CAST(PERSON_ID AS VARCHAR),1,30) AS ERR_VALUE, 'ID1002' AS RULE_ID, 'PERSON' AS TB_NM, 'PERSON_ID' AS COL_NM FROM YourSchemaName.PERSON A WHERE PERSON_ID IS NULL LIMIT 3 ) XX | BO4: UNION ALL | BP4: ="CREATE OR REPLACE PROCEDURE quality_check_err_val()" & CHAR(10) & "LANGUAGE plpgsql" & CHAR(10) & "AS $$" & CHAR(10) & "DECLARE" & CHAR(10) & " RULE_ID_VAL VARCHAR(30);" & CHAR(10) & " TB_NM_VAL VARCHAR(50);" & CHAR(10) & " COL_NM_VAL VARCHAR(50);" & CHAR(10) & " TOT_CNT_VAL VARCHAR(50);" & CHAR(10) & " ERR_CNT_VAL VARCHAR(50);" & CHAR(10) & " ERR_VALUE_VAL TEXT;" & CHAR(10) & "BEGIN" & CHAR(10) & " -- 테이블 생성" & CHAR(10) & " CREATE TABLE IF NOT EXISTS result_quality_check (" & CHAR(10) & " RULE_ID VARCHAR(30)," & CHAR(10) & " TB_NM VARCHAR(50)," & CHAR(10) & " COL_NM VARCHAR(50)," & CHAR(10) & " TOT_CNT VARCHAR(50)," & CHAR(10) & " ERR_CNT VARCHAR(50)," & CHAR(10) & " ERR_VALUE TEXT" & CHAR(10) & " );" & CHAR(10) & " " & CHAR(10) & " CREATE TABLE IF NOT EXISTS quality_check_error_log (" & CHAR(10) & " SEQ SERIAL PRIMARY KEY," & CHAR(10) & " CHK_ID VARCHAR(30)," & CHAR(10) & " CHK_TIME TIMESTAMP DEFAULT CURRENT_TIMESTAMP," & CHAR(10) & " ERROR_MESSAGE TEXT" & CHAR(10) & " );" & CHAR(10) & " " & CHAR(10) & " BEGIN" & CHAR(10) & " UPDATE result_quality_check SET err_value = NULL WHERE 1=1;" & CHAR(10) & " COMMIT;" & CHAR(10) & " END;" & CHAR(10) & "BEGIN" & CHAR(10) & " -- 쿼리 결과를 변수에 저장" & CHAR(10) & " "&BN4&" "& CHAR(10) &" INTO ERR_VALUE_VAL, RULE_ID_VAL, TB_NM_VAL, COL_NM_VAL;" & CHAR(10) & " -- 결과를 테이블에 삽입" & CHAR(10) & " UPDATE result_quality_check SET err_value = ERR_VALUE_VAL WHERE rule_id = RULE_ID_VAL;" & CHAR(10) & "EXCEPTION WHEN OTHERS THEN" & CHAR(10) & " -- 오류 발생 시 에러 로그에 기록" & CHAR(10) & " INSERT INTO quality_check_error_log(CHK_ID, error_message)" & CHAR(10) & " VALUES (RULE_ID_VAL, SQLERRM);" & CHAR(10) & "END; " & CHAR(10) & " COMMIT;" & CHAR(10) -> CREATE OR REPLACE PROCEDURE quality_check_err_val() LANGUAGE plpgsql AS $$ DECLARE RULE_ID_VAL VARCHAR(30); TB_NM_VAL VARCHAR(50); COL_NM_VAL VARCHAR(50); TOT_CNT_VAL VARCHAR(50); ERR_CNT_VAL VARCHAR(50); ERR_VALUE_VAL TEXT; BEGIN -- 테이블 생성 CREATE TABLE IF NOT EXISTS result_quality_check ( RULE_ID VARCHAR(30), TB_NM VARCHAR(50), COL_NM VARCHAR(50), TOT_CNT VARCHAR(50), ERR_CNT VARCHAR(50), ERR_VALUE TEXT ); CREATE TABLE IF NOT EXISTS quality_check_error_log ( SEQ SERIAL PRIMARY KEY, CHK_ID VARCHAR(30), CHK_TIME TIMESTAMP DEFAULT CURRENT_TIMESTAMP, ERROR_MESSAGE TEXT ); BEGIN UPDATE result_quality_check SET err_value = NULL WHERE 1=1; COMMIT; END; BEGIN -- 쿼리 결과를 변수에 저장 SELECT ERR_VALUE, RULE_ID, TB_NM, COL_NM FROM ( SELECT DISTINCT SUBSTRING(CAST(PERSON_ID AS VARCHAR),1,30) AS ERR_VALUE, 'ID1002' AS RULE_ID, 'PERSON' AS TB_NM, 'PERSON_ID' AS COL_NM FROM YourSchemaName.PERSON A WHERE PERSON_ID IS NULL LIMIT 3 ) XX INTO ERR_VALUE_VAL, RULE_ID_VAL, TB_NM_VAL, COL_NM_VAL; -- 결과를 테이블에 삽입 UPDATE result_quality_check SET err_value = ERR_VALUE_VAL WHERE rule_id = RULE_ID_VAL; EXCEPTION WHEN OTHERS THEN -- 오류 발생 시 에러 로그에 기록 INSERT INTO quality_check_error_log(CHK_ID, error_message) VALUES (RULE_ID_VAL, SQLERRM); END; COMMIT; | BQ4: ="SELECT 'ID"& $U4 &"' AS RULE_ID, '"& $G4 &"' AS TB_NM, '"& $J4 &"' AS COL_NM, COUNT(*) AS TOT_CNT FROM "&$C4&"."& $G4 &" " -> SELECT 'ID1002' AS RULE_ID, 'PERSON' AS TB_NM, 'PERSON_ID' AS COL_NM, COUNT(*) AS TOT_CNT FROM YourSchemaName.PERSON | BR4: UNION ALL | BS4: ="CREATE OR REPLACE PROCEDURE quality_check_tot_cnt()" & CHAR(10) & "BEGIN" & CHAR(10) & " DECLARE RULE_ID_VAL VARCHAR(30);" & CHAR(10) & " DECLARE TB_NM_VAL VARCHAR(50);" & CHAR(10) & " DECLARE COL_NM_VAL VARCHAR(50);" & CHAR(10) & " DECLARE TOT_CNT_VAL VARCHAR(50);" & CHAR(10) & " DECLARE ERR_CNT_VAL VARCHAR(50);" & CHAR(10) & " DECLARE ERR_VALUE_VAL TEXT;" & CHAR(10) & CHAR(10) & " -- 테이블 생성" & CHAR(10) & " CREATE TABLE IF NOT EXISTS result_quality_check (" & CHAR(10) & " RULE_ID VARCHAR(30)," & CHAR(10) & " TB_NM VARCHAR(50)," & CHAR(10) & " COL_NM VARCHAR(50)," & CHAR(10) & " TOT_CNT VARCHAR(50)," & CHAR(10) & " ERR_CNT VARCHAR(50)," & CHAR(10) & " ERR_VALUE TEXT" & CHAR(10) & " );" & CHAR(10) & CHAR(10) & " CREATE TABLE IF NOT EXISTS quality_check_error_log (" & CHAR(10) & " SEQ SERIAL PRIMARY KEY," & CHAR(10) & " CHK_ID VARCHAR(30)," & CHAR(10) & " CHK_TIME TIMESTAMP DEFAULT CURRENT_TIMESTAMP," & CHAR(10) & " ERROR_MESSAGE TEXT" & CHAR(10) & " );" & CHAR(10) & CHAR(10) & " DELETE FROM result_quality_check WHERE 1=1;" & CHAR(10) & CHAR(10) & " COMMIT;" & CHAR(10) & " BEGIN" & CHAR(10) & " -- 오류 발생 시 에러 로그에 기록" & CHAR(10) & " DECLARE CONTINUE HANDLER FOR SQLEXCEPTION" & CHAR(10) & " BEGIN" & CHAR(10) & " INSERT INTO quality_check_error_log (CHK_ID, ERROR_MESSAGE)" & CHAR(10) & " VALUES (RULE_ID_VAL, ERROR_MESSAGE());" & CHAR(10) & " END;" & CHAR(10) & CHAR(10) & " -- 쿼리 결과를 변수에 저장" & CHAR(10) & " "&BQ4& CHAR(10) & " INTO RULE_ID_VAL, TB_NM_VAL, COL_NM_VAL, TOT_CNT_VAL;" & CHAR(10) & CHAR(10) & " -- 결과를 테이블에 삽입" & CHAR(10) & " INSERT INTO result_quality_check (RULE_ID, TB_NM, COL_NM, TOT_CNT)" & CHAR(10) & " VALUES (RULE_ID_VAL, TB_NM_VAL, COL_NM_VAL, TOT_CNT_VAL);" & CHAR(10) & " END;" & CHAR(10) & " COMMIT;" & CHAR(10) -> CREATE OR REPLACE PROCEDURE quality_check_tot_cnt() BEGIN DECLARE RULE_ID_VAL VARCHAR(30); DECLARE TB_NM_VAL VARCHAR(50); DECLARE COL_NM_VAL VARCHAR(50); DECLARE TOT_CNT_VAL VARCHAR(50); DECLARE ERR_CNT_VAL VARCHAR(50); DECLARE ERR_VALUE_VAL TEXT; -- 테이블 생성 CREATE TABLE IF NOT EXISTS result_quality_check ( RULE_ID VARCHAR(30), TB_NM VARCHAR(50), COL_NM VARCHAR(50), TOT_CNT VARCHAR(50), ERR_CNT VARCHAR(50), ERR_VALUE TEXT ); CREATE TABLE IF NOT EXISTS quality_check_error_log ( SEQ SERIAL PRIMARY KEY, CHK_ID VARCHAR(30), CHK_TIME TIMESTAMP DEFAULT CURRENT_TIMESTAMP, ERROR_MESSAGE TEXT ); DELETE FROM result_quality_check WHERE 1=1; COMMIT; BEGIN -- 오류 발생 시 에러 로그에 기록 DECLARE CONTINUE HANDLER FOR SQLEXCEPTION BEGIN INSERT INTO quality_check_error_log (CHK_ID, ERROR_MESSAGE) VALUES (RULE_ID_VAL, ERROR_MESSAGE()); END; -- 쿼리 결과를 변수에 저장 SELECT 'ID1002' AS RULE_ID, 'PERSON' AS TB_NM, 'PERSON_ID' AS COL_NM, COUNT(*) AS TOT_CNT FROM YourSchemaName.PERSON INTO RULE_ID_VAL, TB_NM_VAL, COL_NM_VAL, TOT_CNT_VAL; -- 결과를 테이블에 삽입 INSERT INTO result_quality_check (RULE_ID, TB_NM, COL_NM, TOT_CNT) VALUES (RULE_ID_VAL, TB_NM_VAL, COL_NM_VAL, TOT_CNT_VAL); END; COMMIT; | BT4: ="SELECT 'ID"& $U4 &"' AS RULE_ID, '"& $G4 &"' AS TB_NM, '"& $J4 &"' AS COL_NM, COUNT(*) AS ERR_CNT FROM "&$C4&"."& $G4 &" A WHERE "& $J4 &" IS NULL " -> SELECT 'ID1002' AS RULE_ID, 'PERSON' AS TB_NM, 'PERSON_ID' AS COL_NM, COUNT(*) AS ERR_CNT FROM YourSchemaName.PERSON A WHERE PERSON_ID IS NULL | BU4: UNION ALL | BV4: ="CREATE OR REPLACE PROCEDURE quality_check_err_cnt()" & CHAR(10) & "BEGIN" & CHAR(10) & " DECLARE RULE_ID_VAL VARCHAR(30);" & CHAR(10) & " DECLARE TB_NM_VAL VARCHAR(50);" & CHAR(10) & " DECLARE COL_NM_VAL VARCHAR(50);" & CHAR(10) & " DECLARE TOT_CNT_VAL VARCHAR(50);" & CHAR(10) & " DECLARE ERR_CNT_VAL VARCHAR(50);" & CHAR(10) & " DECLARE ERR_VALUE_VAL TEXT;" & CHAR(10) & "" & CHAR(10) & " -- 테이블 생성" & CHAR(10) & " CREATE TABLE IF NOT EXISTS result_quality_check (" & CHAR(10) & " RULE_ID VARCHAR(30)," & CHAR(10) & " TB_NM VARCHAR(50)," & CHAR(10) & " COL_NM VARCHAR(50)," & CHAR(10) & " TOT_CNT VARCHAR(50)," & CHAR(10) & " ERR_CNT VARCHAR(50)," & CHAR(10) & " ERR_VALUE TEXT" & CHAR(10) & " );" & CHAR(10) & "" & CHAR(10) & " CREATE TABLE IF NOT EXISTS quality_check_error_log (" & CHAR(10) & " SEQ SERIAL PRIMARY KEY," & CHAR(10) & " CHK_ID VARCHAR(30)," & CHAR(10) & " CHK_TIME TIMESTAMP DEFAULT CURRENT_TIMESTAMP," & CHAR(10) & " ERROR_MESSAGE TEXT" & CHAR(10) & " );" & CHAR(10) & "" & CHAR(10) & " UPDATE result_quality_check set ERR_CNT = null, ERR_VALUE = null;" & CHAR(10) & " COMMIT;" & CHAR(10) & "" & CHAR(10) & " BEGIN" & CHAR(10) & " -- 오류 발생 시 에러 로그에 기록" & CHAR(10) & " DECLARE CONTINUE HANDLER FOR SQLEXCEPTION" & CHAR(10) & " BEGIN" & CHAR(10) & " INSERT INTO quality_check_error_log (CHK_ID, ERROR_MESSAGE)" & CHAR(10) & " VALUES (RULE_ID_VAL, ERROR_MESSAGE());" & CHAR(10) & " END;" & CHAR(10) & "" & CHAR(10) & " -- 쿼리 결과를 변수에 저장" & CHAR(10) & " "&BT4& CHAR(10) & " INTO RULE_ID_VAL, TB_NM_VAL, COL_NM_VAL, ERR_CNT_VAL;" & CHAR(10) & "" & CHAR(10) & " -- 결과를 테이블에 삽입" & CHAR(10) & " update result_quality_check set ERR_CNT = ERR_CNT_VAL where RULE_ID = RULE_ID_VAL;" & CHAR(10) & " END;" & CHAR(10) & " COMMIT;" & CHAR(10) -> CREATE OR REPLACE PROCEDURE quality_check_err_cnt() BEGIN DECLARE RULE_ID_VAL VARCHAR(30); DECLARE TB_NM_VAL VARCHAR(50); DECLARE COL_NM_VAL VARCHAR(50); DECLARE TOT_CNT_VAL VARCHAR(50); DECLARE ERR_CNT_VAL VARCHAR(50); DECLARE ERR_VALUE_VAL TEXT; -- 테이블 생성 CREATE TABLE IF NOT EXISTS result_quality_check ( RULE_ID VARCHAR(30), TB_NM VARCHAR(50), COL_NM VARCHAR(50), TOT_CNT VARCHAR(50), ERR_CNT VARCHAR(50), ERR_VALUE TEXT ); CREATE TABLE IF NOT EXISTS quality_check_error_log ( SEQ SERIAL PRIMARY KEY, CHK_ID VARCHAR(30), CHK_TIME TIMESTAMP DEFAULT CURRENT_TIMESTAMP, ERROR_MESSAGE TEXT ); UPDATE result_quality_check set ERR_CNT = null, ERR_VALUE = null; COMMIT; BEGIN -- 오류 발생 시 에러 로그에 기록 DECLARE CONTINUE HANDLER FOR SQLEXCEPTION BEGIN INSERT INTO quality_check_error_log (CHK_ID, ERROR_MESSAGE) VALUES (RULE_ID_VAL, ERROR_MESSAGE()); END; -- 쿼리 결과를 변수에 저장 SELECT 'ID1002' AS RULE_ID, 'PERSON' AS TB_NM, 'PERSON_ID' AS COL_NM, COUNT(*) AS ERR_CNT FROM YourSchemaName.PERSON A WHERE PERSON_ID IS NULL INTO RULE_ID_VAL, TB_NM_VAL, COL_NM_VAL, ERR_CNT_VAL; -- 결과를 테이블에 삽입 update result_quality_check set ERR_CNT = ERR_CNT_VAL where RULE_ID = RULE_ID_VAL; END; COMMIT; | BW4: ="SELECT ERR_VALUE, RULE_ID, TB_NM, COL_NM FROM ( SELECT DISTINCT SUBSTRING(CAST("& $J4 &" AS VARCHAR(50)),1,30) AS ERR_VALUE, 'ID"& $U4 &"' AS RULE_ID, '"& $G4 &"' AS TB_NM, '"& $J4 &"' AS COL_NM FROM "&$C4&"."& $G4 &" A WHERE "& $J4 &" IS NULL LIMIT 3 ) XX " -> SELECT ERR_VALUE, RULE_ID, TB_NM, COL_NM FROM ( SELECT DISTINCT SUBSTRING(CAST(PERSON_ID AS VARCHAR(50)),1,30) AS ERR_VALUE, 'ID1002' AS RULE_ID, 'PERSON' AS TB_NM, 'PERSON_ID' AS COL_NM FROM YourSchemaName.PERSON A WHERE PERSON_ID IS NULL LIMIT 3 ) XX | BX4: UNION ALL | BY4: ="CREATE OR REPLACE PROCEDURE quality_check_err_val() " & CHAR(10) & "BEGIN " & CHAR(10) & " DECLARE RULE_ID_VAL VARCHAR(30); " & CHAR(10) & " DECLARE TB_NM_VAL VARCHAR(50); " & CHAR(10) & " DECLARE COL_NM_VAL VARCHAR(50); " & CHAR(10) & " DECLARE TOT_CNT_VAL VARCHAR(50); " & CHAR(10) & " DECLARE ERR_CNT_VAL VARCHAR(50); " & CHAR(10) & " DECLARE ERR_VALUE_VAL TEXT; " & CHAR(10) & "" & CHAR(10) & " -- 테이블 생성 " & CHAR(10) & " CREATE TABLE IF NOT EXISTS result_quality_check ( " & CHAR(10) & " RULE_ID VARCHAR(30), " & CHAR(10) & " TB_NM VARCHAR(50), " & CHAR(10) & " COL_NM VARCHAR(50), " & CHAR(10) & " TOT_CNT VARCHAR(50), " & CHAR(10) & " ERR_CNT VARCHAR(50), " & CHAR(10) & " ERR_VALUE TEXT " & CHAR(10) & " ); " & CHAR(10) & "" & CHAR(10) & " CREATE TABLE IF NOT EXISTS quality_check_error_log ( " & CHAR(10) & " SEQ SERIAL PRIMARY KEY, " & CHAR(10) & " CHK_ID VARCHAR(30), " & CHAR(10) & " CHK_TIME TIMESTAMP DEFAULT CURRENT_TIMESTAMP, " & CHAR(10) & " ERROR_MESSAGE TEXT " & CHAR(10) & " ); " & CHAR(10) & "" & CHAR(10) & " UPDATE result_quality_check set ERR_VALUE = null; " & CHAR(10) & " COMMIT; " & CHAR(10) & "" & CHAR(10) & " BEGIN " & CHAR(10) & " -- 오류 발생 시 에러 로그에 기록 " & CHAR(10) & " DECLARE CONTINUE HANDLER FOR SQLEXCEPTION " & CHAR(10) & " BEGIN " & CHAR(10) & " INSERT INTO quality_check_error_log (CHK_ID, ERROR_MESSAGE) " & CHAR(10) & " VALUES (RULE_ID_VAL, ERROR_MESSAGE()); " & CHAR(10) & " END; " & CHAR(10) & "" & CHAR(10) & " -- 쿼리 결과를 변수에 저장 " & CHAR(10) & " "&BW4& CHAR(10) & " INTO ERR_VALUE_VAL, RULE_ID_VAL, TB_NM_VAL, COL_NM_VAL; " & CHAR(10) & "" & CHAR(10) & " -- 결과를 테이블에 삽입 " & CHAR(10) & " update result_quality_check set ERR_VALUE = ERR_VALUE_VAL where RULE_ID = RULE_ID_VAL; " & CHAR(10) & " END; " & CHAR(10) & " COMMIT; " & CHAR(10) -> CREATE OR REPLACE PROCEDURE quality_check_err_val() BEGIN DECLARE RULE_ID_VAL VARCHAR(30); DECLARE TB_NM_VAL VARCHAR(50); DECLARE COL_NM_VAL VARCHAR(50); DECLARE TOT_CNT_VAL VARCHAR(50); DECLARE ERR_CNT_VAL VARCHAR(50); DECLARE ERR_VALUE_VAL TEXT; -- 테이블 생성 CREATE TABLE IF NOT EXISTS result_quality_check ( RULE_ID VARCHAR(30), TB_NM VARCHAR(50), COL_NM VARCHAR(50), TOT_CNT VARCHAR(50), ERR_CNT VARCHAR(50), ERR_VALUE TEXT ); CREATE TABLE IF NOT EXISTS quality_check_error_log ( SEQ SERIAL PRIMARY KEY, CHK_ID VARCHAR(30), CHK_TIME TIMESTAMP DEFAULT CURRENT_TIMESTAMP, ERROR_MESSAGE TEXT ); UPDATE result_quality_check set ERR_VALUE = null; COMMIT; BEGIN -- 오류 발생 시 에러 로그에 기록 DECLARE CONTINUE HANDLER FOR SQLEXCEPTION BEGIN INSERT INTO quality_check_error_log (CHK_ID, ERROR_MESSAGE) VALUES (RULE_ID_VAL, ERROR_MESSAGE()); END; -- 쿼리 결과를 변수에 저장 SELECT ERR_VALUE, RULE_ID, TB_NM, COL_NM FROM ( SELECT DISTINCT SUBSTRING(CAST(PERSON_ID AS VARCHAR(50)),1,30) AS ERR_VALUE, 'ID1002' AS RULE_ID, 'PERSON' AS TB_NM, 'PERSON_ID' AS COL_NM FROM YourSchemaName.PERSON A WHERE PERSON_ID IS NULL LIMIT 3 ) XX INTO ERR_VALUE_VAL, RULE_ID_VAL, TB_NM_VAL, COL_NM_VAL; -- 결과를 테이블에 삽입 update result_quality_check set ERR_VALUE = ERR_VALUE_VAL where RULE_ID = RULE_ID_VAL; END; COMMIT; | BZ4: ="SELECT 'ID"& $U4 &"' AS RULE_ID, '"& $G4 &"' AS TB_NM, '"& $J4 &"' AS COL_NM, COUNT(*) AS TOT_CNT FROM "&$C4&"."& $G4 &" " -> SELECT 'ID1002' AS RULE_ID, 'PERSON' AS TB_NM, 'PERSON_ID' AS COL_NM, COUNT(*) AS TOT_CNT FROM YourSchemaName.PERSON | CA4: UNION ALL | CB4: ="CREATE OR REPLACE PROCEDURE QUALITY_CHECK_TOT_CNT" & CHAR(10) & "IS" & CHAR(10) & " -- 변수 선언" & CHAR(10) & " RULE_ID_VAL VARCHAR(30);" & CHAR(10) & " TB_NM_VAL VARCHAR(50);" & CHAR(10) & " COL_NM_VAL VARCHAR(50);" & CHAR(10) & " TOT_CNT_VAL VARCHAR(50);" & CHAR(10) & " ERR_CNT_VAL VARCHAR(50);" & CHAR(10) & " ERR_VALUE_VAL VARCHAR(4000);" & CHAR(10) & " CHK_TB1 INTEGER;" & CHAR(10) & " CHK_TB2 INTEGER;" & CHAR(10) & " CHK_SEQ INTEGER;" & CHAR(10) & "BEGIN" & CHAR(10) & "" & CHAR(10) & " BEGIN" & CHAR(10) & " DELETE FROM RESULT_QUALITY_CHECK WHERE 1=1;" & CHAR(10) & " END;" & CHAR(10) & "" & CHAR(10) & " -- 프로시저 본문" & CHAR(10) & " BEGIN" & CHAR(10) & " WITH query_result AS (" & CHAR(10) & " -- 쿼리 결과를 변수에 저장" & CHAR(10) & " "&BZ4& CHAR(10) & " )" & CHAR(10) & " SELECT" & CHAR(10) & " RULE_ID, TB_NM, COL_NM, TOT_CNT" & CHAR(10) & " INTO" & CHAR(10) & " RULE_ID_VAL, TB_NM_VAL, COL_NM_VAL, TOT_CNT_VAL" & CHAR(10) & " FROM query_result;" & CHAR(10) & "" & CHAR(10) & " -- 결과를 테이블에 삽입" & CHAR(10) & " INSERT INTO RESULT_QUALITY_CHECK (RULE_ID, TB_NM, COL_NM, TOT_CNT)" & CHAR(10) & " VALUES (RULE_ID_VAL, TB_NM_VAL, COL_NM_VAL, TOT_CNT_VAL);" & CHAR(10) & " " & CHAR(10) & " EXCEPTION" & CHAR(10) & " WHEN OTHERS THEN" & CHAR(10) & " INSERT INTO QUALITY_CHECK_ERROR_LOG (SEQ, CHK_ID, ERROR_MESSAGE)" & CHAR(10) & " VALUES (QUALITY_CHECK_SEQ.NEXTVAL, RULE_ID_VAL, 'An error has occurred.');" & CHAR(10) & " END;" & CHAR(10) & " COMMIT; " & CHAR(10) -> CREATE OR REPLACE PROCEDURE QUALITY_CHECK_TOT_CNT IS -- 변수 선언 RULE_ID_VAL VARCHAR(30); TB_NM_VAL VARCHAR(50); COL_NM_VAL VARCHAR(50); TOT_CNT_VAL VARCHAR(50); ERR_CNT_VAL VARCHAR(50); ERR_VALUE_VAL VARCHAR(4000); CHK_TB1 INTEGER; CHK_TB2 INTEGER; CHK_SEQ INTEGER; BEGIN BEGIN DELETE FROM RESULT_QUALITY_CHECK WHERE 1=1; END; -- 프로시저 본문 BEGIN WITH query_result AS ( -- 쿼리 결과를 변수에 저장 SELECT 'ID1002' AS RULE_ID, 'PERSON' AS TB_NM, 'PERSON_ID' AS COL_NM, COUNT(*) AS TOT_CNT FROM YourSchemaName.PERSON ) SELECT RULE_ID, TB_NM, COL_NM, TOT_CNT INTO RULE_ID_VAL, TB_NM_VAL, COL_NM_VAL, TOT_CNT_VAL FROM query_result; -- 결과를 테이블에 삽입 INSERT INTO RESULT_QUALITY_CHECK (RULE_ID, TB_NM, COL_NM, TOT_CNT) VALUES (RULE_ID_VAL, TB_NM_VAL, COL_NM_VAL, TOT_CNT_VAL); EXCEPTION WHEN OTHERS THEN INSERT INTO QUALITY_CHECK_ERROR_LOG (SEQ, CHK_ID, ERROR_MESSAGE) VALUES (QUALITY_CHECK_SEQ.NEXTVAL, RULE_ID_VAL, 'An error has occurred.'); END; COMMIT; | CC4: ="SELECT 'ID"& $U4 &"' AS RULE_ID, '"& $G4 &"' AS TB_NM, '"& $J4 &"' AS COL_NM, COUNT(*) AS ERR_CNT FROM "&$C4&"."& $G4 &" A WHERE "& $J4 &" IS NULL " -> SELECT 'ID1002' AS RULE_ID, 'PERSON' AS TB_NM, 'PERSON_ID' AS COL_NM, COUNT(*) AS ERR_CNT FROM YourSchemaName.PERSON A WHERE PERSON_ID IS NULL | CD4: UNION ALL | CE4: ="CREATE OR REPLACE PROCEDURE QUALITY_CHECK_ERR_CNT" & CHAR(10) & "IS" & CHAR(10) & " -- 변수 선언" & CHAR(10) & " RULE_ID_VAL VARCHAR(30);" & CHAR(10) & " TB_NM_VAL VARCHAR(50);" & CHAR(10) & " COL_NM_VAL VARCHAR(50);" & CHAR(10) & " TOT_CNT_VAL VARCHAR(50);" & CHAR(10) & " ERR_CNT_VAL VARCHAR(50);" & CHAR(10) & " ERR_VALUE_VAL VARCHAR(4000);" & CHAR(10) & " CHK_TB1 INTEGER;" & CHAR(10) & " CHK_TB2 INTEGER;" & CHAR(10) & " CHK_SEQ INTEGER;" & CHAR(10) & "BEGIN" & CHAR(10) & " BEGIN" & CHAR(10) & " UPDATE RESULT_QUALITY_CHECK SET ERR_CNT = NULL, ERR_VALUE = NULL;" & CHAR(10) & " COMMIT;" & CHAR(10) & " END;" & CHAR(10) & " -- 프로시저 본문" & CHAR(10) & " BEGIN" & CHAR(10) & " WITH query_result AS (" & CHAR(10) & " -- 쿼리 결과를 변수에 저장" & CHAR(10) & " "&CC4 & CHAR(10) & " ) " & CHAR(10) & " SELECT" & CHAR(10) & " RULE_ID, TB_NM, COL_NM, ERR_CNT" & CHAR(10) & " INTO" & CHAR(10) & " RULE_ID_VAL, TB_NM_VAL, COL_NM_VAL, ERR_CNT_VAL" & CHAR(10) & " FROM query_result;" & CHAR(10) & " -- 결과를 테이블에 삽입" & CHAR(10) & " UPDATE RESULT_QUALITY_CHECK SET ERR_CNT = ERR_CNT_VAL WHERE RULE_ID = RULE_ID_VAL;" & CHAR(10) & " EXCEPTION" & CHAR(10) & " WHEN OTHERS THEN" & CHAR(10) & " INSERT INTO QUALITY_CHECK_ERROR_LOG (SEQ, CHK_ID, ERROR_MESSAGE)" & CHAR(10) & " VALUES (QUALITY_CHECK_SEQ.NEXTVAL, RULE_ID_VAL, 'An error has occurred.');" & CHAR(10) & " END;" & CHAR(10) & " COMMIT;" & CHAR(10) -> CREATE OR REPLACE PROCEDURE QUALITY_CHECK_ERR_CNT IS -- 변수 선언 RULE_ID_VAL VARCHAR(30); TB_NM_VAL VARCHAR(50); COL_NM_VAL VARCHAR(50); TOT_CNT_VAL VARCHAR(50); ERR_CNT_VAL VARCHAR(50); ERR_VALUE_VAL VARCHAR(4000); CHK_TB1 INTEGER; CHK_TB2 INTEGER; CHK_SEQ INTEGER; BEGIN BEGIN UPDATE RESULT_QUALITY_CHECK SET ERR_CNT = NULL, ERR_VALUE = NULL; COMMIT; END; -- 프로시저 본문 BEGIN WITH query_result AS ( -- 쿼리 결과를 변수에 저장 SELECT 'ID1002' AS RULE_ID, 'PERSON' AS TB_NM, 'PERSON_ID' AS COL_NM, COUNT(*) AS ERR_CNT FROM YourSchemaName.PERSON A WHERE PERSON_ID IS NULL ) SELECT RULE_ID, TB_NM, COL_NM, ERR_CNT INTO RULE_ID_VAL, TB_NM_VAL, COL_NM_VAL, ERR_CNT_VAL FROM query_result; -- 결과를 테이블에 삽입 UPDATE RESULT_QUALITY_CHECK SET ERR_CNT = ERR_CNT_VAL WHERE RULE_ID = RULE_ID_VAL; EXCEPTION WHEN OTHERS THEN INSERT INTO QUALITY_CHECK_ERROR_LOG (SEQ, CHK_ID, ERROR_MESSAGE) VALUES (QUALITY_CHECK_SEQ.NEXTVAL, RULE_ID_VAL, 'An error has occurred.'); END; COMMIT; | CF4: ="SELECT ERR_VALUE, RULE_ID, TB_NM, COL_NM FROM ( SELECT DISTINCT SUBSTR(TO_CHAR("& $J4 &"),1,30) AS ERR_VALUE, 'ID"& $U4 &"' AS RULE_ID, '"& $G4 &"' AS TB_NM, '"& $J4 &"' AS COL_NM FROM "&$C4&"."& $G4 &" A WHERE "& $J4 &" IS NULL AND ROWNUM < 4 ) XX " -> SELECT ERR_VALUE, RULE_ID, TB_NM, COL_NM FROM ( SELECT DISTINCT SUBSTR(TO_CHAR(PERSON_ID),1,30) AS ERR_VALUE, 'ID1002' AS RULE_ID, 'PERSON' AS TB_NM, 'PERSON_ID' AS COL_NM FROM YourSchemaName.PERSON A WHERE PERSON_ID IS NULL AND ROWNUM < 4 ) XX | CG4: UNION ALL | CH4: ="CREATE OR REPLACE PROCEDURE QUALITY_CHECK_ERR_VAL" & CHAR(10) & "IS" & CHAR(10) & " -- 변수 선언" & CHAR(10) & " RULE_ID_VAL VARCHAR(30);" & CHAR(10) & " TB_NM_VAL VARCHAR(50);" & CHAR(10) & " COL_NM_VAL VARCHAR(50);" & CHAR(10) & " TOT_CNT_VAL VARCHAR(50);" & CHAR(10) & " ERR_CNT_VAL VARCHAR(50);" & CHAR(10) & " ERR_VALUE_VAL VARCHAR(4000);" & CHAR(10) & " CHK_TB1 INTEGER;" & CHAR(10) & " CHK_TB2 INTEGER;" & CHAR(10) & " CHK_SEQ INTEGER;" & CHAR(10) & "BEGIN" & CHAR(10) & " BEGIN" & CHAR(10) & " UPDATE RESULT_QUALITY_CHECK SET ERR_VALUE = NULL;" & CHAR(10) & " COMMIT;" & CHAR(10) & " END;" & CHAR(10) & " -- 프로시저 본문" & CHAR(10) & " BEGIN" & CHAR(10) & " WITH query_result AS (" & CHAR(10) & " -- 쿼리 결과를 변수에 저장" & CHAR(10) & " "&CF4& CHAR(10) & " )" & CHAR(10) & " SELECT" & CHAR(10) & " RULE_ID, TB_NM, COL_NM, ERR_VALUE" & CHAR(10) & " INTO" & CHAR(10) & " RULE_ID_VAL, TB_NM_VAL, COL_NM_VAL, ERR_VALUE_VAL" & CHAR(10) & " FROM query_result;" & CHAR(10) & " -- 결과를 테이블에 삽입" & CHAR(10) & " UPDATE RESULT_QUALITY_CHECK SET ERR_VALUE = ERR_VALUE_VAL WHERE RULE_ID = RULE_ID_VAL;" & CHAR(10) & " EXCEPTION" & CHAR(10) & " WHEN NO_DATA_FOUND THEN NULL; " & " WHEN OTHERS THEN" & CHAR(10) & " INSERT INTO QUALITY_CHECK_ERROR_LOG (SEQ, CHK_ID, ERROR_MESSAGE)" & CHAR(10) & " VALUES (QUALITY_CHECK_SEQ.NEXTVAL, RULE_ID_VAL, 'An error has occurred.');" & CHAR(10) & " END;" & CHAR(10) & " COMMIT;" & CHAR(10) -> CREATE OR REPLACE PROCEDURE QUALITY_CHECK_ERR_VAL IS -- 변수 선언 RULE_ID_VAL VARCHAR(30); TB_NM_VAL VARCHAR(50); COL_NM_VAL VARCHAR(50); TOT_CNT_VAL VARCHAR(50); ERR_CNT_VAL VARCHAR(50); ERR_VALUE_VAL VARCHAR(4000); CHK_TB1 INTEGER; CHK_TB2 INTEGER; CHK_SEQ INTEGER; BEGIN BEGIN UPDATE RESULT_QUALITY_CHECK SET ERR_VALUE = NULL; COMMIT; END; -- 프로시저 본문 BEGIN WITH query_result AS ( -- 쿼리 결과를 변수에 저장 SELECT ERR_VALUE, RULE_ID, TB_NM, COL_NM FROM ( SELECT DISTINCT SUBSTR(TO_CHAR(PERSON_ID),1,30) AS ERR_VALUE, 'ID1002' AS RULE_ID, 'PERSON' AS TB_NM, 'PERSON_ID' AS COL_NM FROM YourSchemaName.PERSON A WHERE PERSON_ID IS NULL AND ROWNUM < 4 ) XX ) SELECT RULE_ID, TB_NM, COL_NM, ERR_VALUE INTO RULE_ID_VAL, TB_NM_VAL, COL_NM_VAL, ERR_VALUE_VAL FROM query_result; -- 결과를 테이블에 삽입 UPDATE RESULT_QUALITY_CHECK SET ERR_VALUE = ERR_VALUE_VAL WHERE RULE_ID = RULE_ID_VAL; EXCEPTION WHEN NO_DATA_FOUND THEN NULL; WHEN OTHERS THEN INSERT INTO QUALITY_CHECK_ERROR_LOG (SEQ, CHK_ID, ERROR_MESSAGE) VALUES (QUALITY_CHECK_SEQ.NEXTVAL, RULE_ID_VAL, 'An error has occurred.'); END; COMMIT; | CI4: ="SELECT 'ID"& $U4 &"' AS RULE_ID, '"& $G4 &"' AS TB_NM, '"& $J4 &"' AS COL_NM, COUNT(*) AS TOT_CNT FROM "&$C4&"."& $G4 &" " -> SELECT 'ID1002' AS RULE_ID, 'PERSON' AS TB_NM, 'PERSON_ID' AS COL_NM, COUNT(*) AS TOT_CNT FROM YourSchemaName.PERSON | CJ4: UNION ALL | CK4: ="CREATE PROCEDURE quality_check_tot_cnt" & CHAR(10) & " AS" & CHAR(10) & "BEGIN" & CHAR(10) & " -- 프로시저 본문" & CHAR(10) & " -- 변수 선언" & CHAR(10) & " DECLARE @RULE_ID_VAL VARCHAR(30);" & CHAR(10) & " DECLARE @TB_NM_VAL VARCHAR(50);" & CHAR(10) & " DECLARE @COL_NM_VAL VARCHAR(50);" & CHAR(10) & " DECLARE @TOT_CNT_VAL VARCHAR(50);" & CHAR(10) & " DECLARE @ERR_CNT_VAL VARCHAR(50);" & CHAR(10) & " DECLARE @ERR_VALUE_VAL VARCHAR(4000);" & CHAR(10) & "BEGIN" & CHAR(10) & " -- 테이블 생성" & CHAR(10) & " IF OBJECT_ID('dbo.result_quality_check', 'U') IS NULL" & CHAR(10) & " BEGIN" & CHAR(10) & " CREATE TABLE dbo.result_quality_check (" & CHAR(10) & " RULE_ID VARCHAR(30)," & CHAR(10) & " TB_NM VARCHAR(50)," & CHAR(10) & " COL_NM VARCHAR(50)," & CHAR(10) & " TOT_CNT VARCHAR(50)," & CHAR(10) & " ERR_CNT VARCHAR(50)," & CHAR(10) & " ERR_VALUE TEXT" & CHAR(10) & " );" & CHAR(10) & " END;" & CHAR(10) & " IF OBJECT_ID('dbo.quality_check_error_log', 'U') IS NULL" & CHAR(10) & " BEGIN" & CHAR(10) & " CREATE TABLE dbo.quality_check_error_log (" & CHAR(10) & " SEQ INT IDENTITY(1,1) PRIMARY KEY," & CHAR(10) & " CHK_ID VARCHAR(30)," & CHAR(10) & " CHK_TIME DATETIME DEFAULT GETDATE()," & CHAR(10) & " ERROR_MESSAGE TEXT" & CHAR(10) & " );" & CHAR(10) & " END;" & CHAR(10) & "END;" & CHAR(10) & "BEGIN" & CHAR(10) & " DELETE FROM RESULT_QUALITY_CHECK WHERE 1=1;" & CHAR(10) & "END;" & CHAR(10) & "BEGIN TRY" & CHAR(10) & " WITH query_result AS (" & CHAR(10) & " "&CI4& CHAR(10) & " )" & CHAR(10) & " SELECT" & CHAR(10) & " @RULE_ID_VAL = RULE_ID," & CHAR(10) & " @TB_NM_VAL = TB_NM," & CHAR(10) & " @COL_NM_VAL = COL_NM," & CHAR(10) & " @TOT_CNT_VAL = TOT_CNT" & CHAR(10) & " FROM query_result;" & CHAR(10) & " -- 결과를 테이블에 삽입" & CHAR(10) & " INSERT INTO dbo.result_quality_check (RULE_ID, TB_NM, COL_NM, TOT_CNT)" & CHAR(10) & " VALUES (@RULE_ID_VAL, @TB_NM_VAL, @COL_NM_VAL, @TOT_CNT_VAL);" & CHAR(10) & "END TRY" & CHAR(10) & "BEGIN CATCH" & CHAR(10) & " -- 오류 발생 시 에러 로그에 기록" & CHAR(10) & " INSERT INTO dbo.quality_check_error_log (CHK_ID, ERROR_MESSAGE)" & CHAR(10) & " VALUES (@RULE_ID_VAL, ERROR_MESSAGE());" & CHAR(10) & "END CATCH;" & CHAR(10) & " COMMIT;" & CHAR(10) -> CREATE PROCEDURE quality_check_tot_cnt AS BEGIN -- 프로시저 본문 -- 변수 선언 DECLARE @RULE_ID_VAL VARCHAR(30); DECLARE @TB_NM_VAL VARCHAR(50); DECLARE @COL_NM_VAL VARCHAR(50); DECLARE @TOT_CNT_VAL VARCHAR(50); DECLARE @ERR_CNT_VAL VARCHAR(50); DECLARE @ERR_VALUE_VAL VARCHAR(4000); BEGIN -- 테이블 생성 IF OBJECT_ID('dbo.result_quality_check', 'U') IS NULL BEGIN CREATE TABLE dbo.result_quality_check ( RULE_ID VARCHAR(30), TB_NM VARCHAR(50), COL_NM VARCHAR(50), TOT_CNT VARCHAR(50), ERR_CNT VARCHAR(50), ERR_VALUE TEXT ); END; IF OBJECT_ID('dbo.quality_check_error_log', 'U') IS NULL BEGIN CREATE TABLE dbo.quality_check_error_log ( SEQ INT IDENTITY(1,1) PRIMARY KEY, CHK_ID VARCHAR(30), CHK_TIME DATETIME DEFAULT GETDATE(), ERROR_MESSAGE TEXT ); END; END; BEGIN DELETE FROM RESULT_QUALITY_CHECK WHERE 1=1; END; BEGIN TRY WITH query_result AS ( SELECT 'ID1002' AS RULE_ID, 'PERSON' AS TB_NM, 'PERSON_ID' AS COL_NM, COUNT(*) AS TOT_CNT FROM YourSchemaName.PERSON ) SELECT @RULE_ID_VAL = RULE_ID, @TB_NM_VAL = TB_NM, @COL_NM_VAL = COL_NM, @TOT_CNT_VAL = TOT_CNT FROM query_result; -- 결과를 테이블에 삽입 INSERT INTO dbo.result_quality_check (RULE_ID, TB_NM, COL_NM, TOT_CNT) VALUES (@RULE_ID_VAL, @TB_NM_VAL, @COL_NM_VAL, @TOT_CNT_VAL); END TRY BEGIN CATCH -- 오류 발생 시 에러 로그에 기록 INSERT INTO dbo.quality_check_error_log (CHK_ID, ERROR_MESSAGE) VALUES (@RULE_ID_VAL, ERROR_MESSAGE()); END CATCH; COMMIT; | CL4: ="SELECT 'ID"& $U4 &"' AS RULE_ID, '"& $G4 &"' AS TB_NM, '"& $J4 &"' AS COL_NM, COUNT(*) AS ERR_CNT FROM "&$C4&"."& $G4 &" A WHERE "& $J4 &" IS NULL " -> SELECT 'ID1002' AS RULE_ID, 'PERSON' AS TB_NM, 'PERSON_ID' AS COL_NM, COUNT(*) AS ERR_CNT FROM YourSchemaName.PERSON A WHERE PERSON_ID IS NULL | CM4: UNION ALL | CN4: ="CREATE PROCEDURE quality_check_err_cnt" & CHAR(10) & " AS" & CHAR(10) & "BEGIN" & CHAR(10) & " -- 프로시저 본문" & CHAR(10) & " -- 변수 선언" & CHAR(10) & " DECLARE @RULE_ID_VAL VARCHAR(30);" & CHAR(10) & " DECLARE @TB_NM_VAL VARCHAR(50);" & CHAR(10) & " DECLARE @COL_NM_VAL VARCHAR(50);" & CHAR(10) & " DECLARE @TOT_CNT_VAL VARCHAR(50);" & CHAR(10) & " DECLARE @ERR_CNT_VAL VARCHAR(50);" & CHAR(10) & " DECLARE @ERR_VALUE_VAL VARCHAR(4000);" & CHAR(10) & "BEGIN" & CHAR(10) & " -- 테이블 생성" & CHAR(10) & " IF OBJECT_ID('dbo.result_quality_check', 'U') IS NULL" & CHAR(10) & " BEGIN" & CHAR(10) & " CREATE TABLE dbo.result_quality_check (" & CHAR(10) & " RULE_ID VARCHAR(30)," & CHAR(10) & " TB_NM VARCHAR(50)," & CHAR(10) & " COL_NM VARCHAR(50)," & CHAR(10) & " TOT_CNT VARCHAR(50)," & CHAR(10) & " ERR_CNT VARCHAR(50)," & CHAR(10) & " ERR_VALUE TEXT" & CHAR(10) & " );" & CHAR(10) & " END;" & CHAR(10) & " IF OBJECT_ID('dbo.quality_check_error_log', 'U') IS NULL" & CHAR(10) & " BEGIN" & CHAR(10) & " CREATE TABLE dbo.quality_check_error_log (" & CHAR(10) & " SEQ INT IDENTITY(1,1) PRIMARY KEY," & CHAR(10) & " CHK_ID VARCHAR(30)," & CHAR(10) & " CHK_TIME DATETIME DEFAULT GETDATE()," & CHAR(10) & " ERROR_MESSAGE TEXT" & CHAR(10) & " );" & CHAR(10) & " END;" & CHAR(10) & "END;" & CHAR(10) & "BEGIN" & CHAR(10) & " UPDATE RESULT_QUALITY_CHECK SET ERR_CNT = NULL, ERR_VALUE = NULL WHERE 1=1;" & CHAR(10) & "END;" & CHAR(10) & "BEGIN TRY" & CHAR(10) & " WITH query_result AS (" & CHAR(10) & " "&CL4& CHAR(10) & " )" & CHAR(10) & " SELECT" & CHAR(10) & " @RULE_ID_VAL = RULE_ID," & CHAR(10) & " @TB_NM_VAL = TB_NM," & CHAR(10) & " @COL_NM_VAL = COL_NM," & CHAR(10) & " @ERR_CNT_VAL = ERR_CNT" & CHAR(10) & " FROM query_result;" & CHAR(10) & " -- 결과를 테이블에 삽입" & CHAR(10) & " UPDATE dbo.result_quality_check SET ERR_CNT = @ERR_CNT_VAL WHERE RULE_ID = @RULE_ID_VAL;" & CHAR(10) &"END TRY" & CHAR(10) & "BEGIN CATCH" & CHAR(10) & " -- 오류 발생 시 에러 로그에 기록" & CHAR(10) & " INSERT INTO dbo.quality_check_error_log (CHK_ID, ERROR_MESSAGE)" & CHAR(10) & " VALUES (@RULE_ID_VAL, ERROR_MESSAGE());" & CHAR(10) & "END CATCH;" & CHAR(10) & " COMMIT; " & CHAR(10) -> CREATE PROCEDURE quality_check_err_cnt AS BEGIN -- 프로시저 본문 -- 변수 선언 DECLARE @RULE_ID_VAL VARCHAR(30); DECLARE @TB_NM_VAL VARCHAR(50); DECLARE @COL_NM_VAL VARCHAR(50); DECLARE @TOT_CNT_VAL VARCHAR(50); DECLARE @ERR_CNT_VAL VARCHAR(50); DECLARE @ERR_VALUE_VAL VARCHAR(4000); BEGIN -- 테이블 생성 IF OBJECT_ID('dbo.result_quality_check', 'U') IS NULL BEGIN CREATE TABLE dbo.result_quality_check ( RULE_ID VARCHAR(30), TB_NM VARCHAR(50), COL_NM VARCHAR(50), TOT_CNT VARCHAR(50), ERR_CNT VARCHAR(50), ERR_VALUE TEXT ); END; IF OBJECT_ID('dbo.quality_check_error_log', 'U') IS NULL BEGIN CREATE TABLE dbo.quality_check_error_log ( SEQ INT IDENTITY(1,1) PRIMARY KEY, CHK_ID VARCHAR(30), CHK_TIME DATETIME DEFAULT GETDATE(), ERROR_MESSAGE TEXT ); END; END; BEGIN UPDATE RESULT_QUALITY_CHECK SET ERR_CNT = NULL, ERR_VALUE = NULL WHERE 1=1; END; BEGIN TRY WITH query_result AS ( SELECT 'ID1002' AS RULE_ID, 'PERSON' AS TB_NM, 'PERSON_ID' AS COL_NM, COUNT(*) AS ERR_CNT FROM YourSchemaName.PERSON A WHERE PERSON_ID IS NULL ) SELECT @RULE_ID_VAL = RULE_ID, @TB_NM_VAL = TB_NM, @COL_NM_VAL = COL_NM, @ERR_CNT_VAL = ERR_CNT FROM query_result; -- 결과를 테이블에 삽입 UPDATE dbo.result_quality_check SET ERR_CNT = @ERR_CNT_VAL WHERE RULE_ID = @RULE_ID_VAL; END TRY BEGIN CATCH -- 오류 발생 시 에러 로그에 기록 INSERT INTO dbo.quality_check_error_log (CHK_ID, ERROR_MESSAGE) VALUES (@RULE_ID_VAL, ERROR_MESSAGE()); END CATCH; COMMIT; | CO4: ="SELECT TOP 3 ERR_VALUE, RULE_ID, TB_NM, COL_NM FROM ( SELECT DISTINCT SUBSTRING(CAST("& $J4 &" AS VARCHAR),1,30) AS ERR_VALUE, 'ID"& $U4 &"' AS RULE_ID, '"& $G4 &"' AS TB_NM, '"& $J4 &"' AS COL_NM FROM "&$C4&"."& $G4 &" A WHERE "& $J4 &" IS NULL ) XX " -> SELECT TOP 3 ERR_VALUE, RULE_ID, TB_NM, COL_NM FROM ( SELECT DISTINCT SUBSTRING(CAST(PERSON_ID AS VARCHAR),1,30) AS ERR_VALUE, 'ID1002' AS RULE_ID, 'PERSON' AS TB_NM, 'PERSON_ID' AS COL_NM FROM YourSchemaName.PERSON A WHERE PERSON_ID IS NULL ) XX | CP4: UNION ALL | CQ4: ="CREATE PROCEDURE quality_check_err_val" & CHAR(10) & " AS" & CHAR(10) & "BEGIN" & CHAR(10) & " -- 프로시저 본문" & CHAR(10) & " -- 변수 선언" & CHAR(10) & " DECLARE @RULE_ID_VAL VARCHAR(30);" & CHAR(10) & " DECLARE @TB_NM_VAL VARCHAR(50);" & CHAR(10) & " DECLARE @COL_NM_VAL VARCHAR(50);" & CHAR(10) & " DECLARE @TOT_CNT_VAL VARCHAR(50);" & CHAR(10) & " DECLARE @ERR_CNT_VAL VARCHAR(50);" & CHAR(10) & " DECLARE @ERR_VALUE_VAL VARCHAR(4000);" & CHAR(10) & "BEGIN" & CHAR(10) & " -- 테이블 생성" & CHAR(10) & " IF OBJECT_ID('dbo.result_quality_check', 'U') IS NULL" & CHAR(10) & " BEGIN" & CHAR(10) & " CREATE TABLE dbo.result_quality_check (" & CHAR(10) & " RULE_ID VARCHAR(30)," & CHAR(10) & " TB_NM VARCHAR(50)," & CHAR(10) & " COL_NM VARCHAR(50)," & CHAR(10) & " TOT_CNT VARCHAR(50)," & CHAR(10) & " ERR_CNT VARCHAR(50)," & CHAR(10) & " ERR_VALUE TEXT" & CHAR(10) & " );" & CHAR(10) & " END;" & CHAR(10) & " IF OBJECT_ID('dbo.quality_check_error_log', 'U') IS NULL" & CHAR(10) & " BEGIN" & CHAR(10) & " CREATE TABLE dbo.quality_check_error_log (" & CHAR(10) & " SEQ INT IDENTITY(1,1) PRIMARY KEY," & CHAR(10) & " CHK_ID VARCHAR(30)," & CHAR(10) & " CHK_TIME DATETIME DEFAULT GETDATE()," & CHAR(10) & " ERROR_MESSAGE TEXT" & CHAR(10) & " );" & CHAR(10) & " END;" & CHAR(10) & "END;" & CHAR(10) & "BEGIN" & CHAR(10) & " UPDATE RESULT_QUALITY_CHECK SET ERR_VALUE = NULL WHERE 1=1;" & CHAR(10) & "END;" & CHAR(10) & "BEGIN TRY" & CHAR(10) & " WITH query_result AS (" & CHAR(10) & " "&CO4& CHAR(10) & " )" & CHAR(10) & " SELECT" & CHAR(10) & " @RULE_ID_VAL = RULE_ID," & CHAR(10) & " @TB_NM_VAL = TB_NM," & CHAR(10) & " @COL_NM_VAL = COL_NM," & CHAR(10) & " @ERR_VALUE_VAL = ERR_VALUE" & CHAR(10) & " FROM query_result;" & CHAR(10) & " -- 결과를 테이블에 삽입" & CHAR(10) & " UPDATE dbo.result_quality_check SET ERR_VALUE = @ERR_VALUE_VAL WHERE RULE_ID = @RULE_ID_VAL;" & CHAR(10) &"END TRY" & CHAR(10) & "BEGIN CATCH" & CHAR(10) & " -- 오류 발생 시 에러 로그에 기록" & CHAR(10) & " INSERT INTO dbo.quality_check_error_log (CHK_ID, ERROR_MESSAGE)" & CHAR(10) & " VALUES (@RULE_ID_VAL, ERROR_MESSAGE());" & CHAR(10) & "END CATCH;" & CHAR(10) & "COMMIT;" & CHAR(10) -> CREATE PROCEDURE quality_check_err_val AS BEGIN -- 프로시저 본문 -- 변수 선언 DECLARE @RULE_ID_VAL VARCHAR(30); DECLARE @TB_NM_VAL VARCHAR(50); DECLARE @COL_NM_VAL VARCHAR(50); DECLARE @TOT_CNT_VAL VARCHAR(50); DECLARE @ERR_CNT_VAL VARCHAR(50); DECLARE @ERR_VALUE_VAL VARCHAR(4000); BEGIN -- 테이블 생성 IF OBJECT_ID('dbo.result_quality_check', 'U') IS NULL BEGIN CREATE TABLE dbo.result_quality_check ( RULE_ID VARCHAR(30), TB_NM VARCHAR(50), COL_NM VARCHAR(50), TOT_CNT VARCHAR(50), ERR_CNT VARCHAR(50), ERR_VALUE TEXT ); END; IF OBJECT_ID('dbo.quality_check_error_log', 'U') IS NULL BEGIN CREATE TABLE dbo.quality_check_error_log ( SEQ INT IDENTITY(1,1) PRIMARY KEY, CHK_ID VARCHAR(30), CHK_TIME DATETIME DEFAULT GETDATE(), ERROR_MESSAGE TEXT ); END; END; BEGIN UPDATE RESULT_QUALITY_CHECK SET ERR_VALUE = NULL WHERE 1=1; END; BEGIN TRY WITH query_result AS ( SELECT TOP 3 ERR_VALUE, RULE_ID, TB_NM, COL_NM FROM ( SELECT DISTINCT SUBSTRING(CAST(PERSON_ID AS VARCHAR),1,30) AS ERR_VALUE, 'ID1002' AS RULE_ID, 'PERSON' AS TB_NM, 'PERSON_ID' AS COL_NM FROM YourSchemaName.PERSON A WHERE PERSON_ID IS NULL ) XX ) SELECT @RULE_ID_VAL = RULE_ID, @TB_NM_VAL = TB_NM, @COL_NM_VAL = COL_NM, @ERR_VALUE_VAL = ERR_VALUE FROM query_result; -- 결과를 테이블에 삽입 UPDATE dbo.result_quality_check SET ERR_VALUE = @ERR_VALUE_VAL WHERE RULE_ID = @RULE_ID_VAL; END TRY BEGIN CATCH -- 오류 발생 시 에러 로그에 기록 INSERT INTO dbo.quality_check_error_log (CHK_ID, ERROR_MESSAGE) VALUES (@RULE_ID_VAL, ERROR_MESSAGE()); END CATCH; COMMIT; | CR4: =IFERROR(VLOOKUP("ID"&U4,V.진단결과!$A$2:$E$99558,4,0),0) -> 0 | CS4: =IFERROR(VLOOKUP("ID"&U4,V.진단결과!$A$2:$E$99558,5,0),0) -> 0 | CT4: =IFERROR(CS4/CR4,0) -> 0 | CU4: =SUBSTITUTE(IFERROR(VLOOKUP("ID"&U4,V.진단결과!$A$2:$F$99558,6,0),""),$AO4,"")
A5: 5.3.1 | B5: Baseline DB | C5: YourSchemaName | D5: 1 | E5: Clinical Data | F5: 환자정보 | G5: PERSON | H5: 1 | I5: CDM 환자ID | J5: PERSON_ID | K5: INTEGER | L5: PK | N5: CDM 환자ID | O5: 100000001 | Q5: 필수 | R5: NOT NULL | U5: 1003 | V5: Y | Z5: 조건 완전성 | AA5: 조건필수값 | AJ5: VISIT_OCCURRENCE | AK5: PERSON_ID | AN5: =F5 &"["&G5&"]의 "& I5 &"["& J5 &"]는 환자["&AJ5&"]의 "&I5&"["&AK5&"]에 존재하여야 한다." -> 환자정보[PERSON]의 CDM 환자ID[PERSON_ID]는 환자[VISIT_OCCURRENCE]의 CDM 환자ID[PERSON_ID]에 존재하여야 한다. | AP5: ="SELECT 'ID"& $U5 &"' AS RULE_ID, '"& $G5 &"' AS TB_NM, '"& $J5 &"' AS COL_NM, COUNT(*) AS TOT_CNT FROM "&$C5&"."& $G5 &" WHERE "& $J5 &" IS NOT NULL AND LENGTH("& $J5 &")>0 " -> SELECT 'ID1003' AS RULE_ID, 'PERSON' AS TB_NM, 'PERSON_ID' AS COL_NM, COUNT(*) AS TOT_CNT FROM YourSchemaName.PERSON WHERE PERSON_ID IS NOT NULL AND LENGTH(PERSON_ID)>0 | AQ5: UNION ALL | AR5: ="WITH query_result AS (" & CHAR(10) & " -- 쿼리 결과를 변수에 저장" & CHAR(10) & " " & AP5 & CHAR(10) & " )" & CHAR(10) & " SELECT" & CHAR(10) & " RULE_ID, TB_NM, COL_NM, TOT_CNT" & CHAR(10) & " INTO" & CHAR(10) & " RULE_ID_VAL, TB_NM_VAL, COL_NM_VAL, TOT_CNT_VAL" & CHAR(10) & " FROM query_result;" & CHAR(10) & " -- 결과를 테이블에 삽입" & CHAR(10) & " INSERT INTO result_quality_check (RULE_ID, TB_NM, COL_NM, TOT_CNT)" & CHAR(10) & " VALUES (RULE_ID_VAL, TB_NM_VAL, COL_NM_VAL, TOT_CNT_VAL);" & CHAR(10) & " COMMIT;" & CHAR(10) -> WITH query_result AS ( -- 쿼리 결과를 변수에 저장 SELECT 'ID1003' AS RULE_ID, 'PERSON' AS TB_NM, 'PERSON_ID' AS COL_NM, COUNT(*) AS TOT_CNT FROM YourSchemaName.PERSON WHERE PERSON_ID IS NOT NULL AND LENGTH(PERSON_ID)>0 ) SELECT RULE_ID, TB_NM, COL_NM, TOT_CNT INTO RULE_ID_VAL, TB_NM_VAL, COL_NM_VAL, TOT_CNT_VAL FROM query_result; -- 결과를 테이블에 삽입 INSERT INTO result_quality_check (RULE_ID, TB_NM, COL_NM, TOT_CNT) VALUES (RULE_ID_VAL, TB_NM_VAL, COL_NM_VAL, TOT_CNT_VAL); COMMIT; | AS5: ="SELECT 'ID"& $U5 &"' AS RULE_ID, '"& $G5 &"' AS TB_NM, '"& $J5 &"' AS COL_NM, COUNT(*) AS ERR_CNT FROM "&$C5&"."& $AJ5 &" A WHERE CASE WHEN NOT EXISTS (SELECT 1 FROM "&$C5&"."& $G5 &" B WHERE B."&$AK5&" = A."& $J5 &" ) THEN 'Y' ELSE 'N' END = 'Y' AND ( "& $J5 &" IS NOT NULL AND LENGTH(CAST("& $J5 &" AS VARCHAR))>0 ) " -> SELECT 'ID1003' AS RULE_ID, 'PERSON' AS TB_NM, 'PERSON_ID' AS COL_NM, COUNT(*) AS ERR_CNT FROM YourSchemaName.VISIT_OCCURRENCE A WHERE CASE WHEN NOT EXISTS (SELECT 1 FROM YourSchemaName.PERSON B WHERE B.PERSON_ID = A.PERSON_ID ) THEN 'Y' ELSE 'N' END = 'Y' AND ( PERSON_ID IS NOT NULL AND LENGTH(CAST(PERSON_ID AS VARCHAR))>0 ) | AT5: UNION ALL | AU5: =" WITH query_result AS (" & CHAR(10) & " -- 쿼리 결과를 변수에 저장" & CHAR(10) & " " & AS5 & CHAR(10) & " )" & CHAR(10) & " SELECT" & CHAR(10) & " RULE_ID, TB_NM, COL_NM, ERR_CNT" & CHAR(10) & " INTO" & CHAR(10) & " RULE_ID_VAL, TB_NM_VAL, COL_NM_VAL, ERR_CNT_VAL" & CHAR(10) & " FROM query_result;" & CHAR(10) & " -- 결과를 테이블에 삽입" & CHAR(10) & " UPDATE result_quality_check SET ERR_CNT = ERR_CNT_VAL WHERE RULE_ID = RULE_ID_VAL;" & CHAR(10) & " COMMIT;" & CHAR(10) -> WITH query_result AS ( -- 쿼리 결과를 변수에 저장 SELECT 'ID1003' AS RULE_ID, 'PERSON' AS TB_NM, 'PERSON_ID' AS COL_NM, COUNT(*) AS ERR_CNT FROM YourSchemaName.VISIT_OCCURRENCE A WHERE CASE WHEN NOT EXISTS (SELECT 1 FROM YourSchemaName.PERSON B WHERE B.PERSON_ID = A.PERSON_ID ) THEN 'Y' ELSE 'N' END = 'Y' AND ( PERSON_ID IS NOT NULL AND LENGTH(CAST(PERSON_ID AS VARCHAR))>0 ) ) SELECT RULE_ID, TB_NM, COL_NM, ERR_CNT INTO RULE_ID_VAL, TB_NM_VAL, COL_NM_VAL, ERR_CNT_VAL FROM query_result; -- 결과를 테이블에 삽입 UPDATE result_quality_check SET ERR_CNT = ERR_CNT_VAL WHERE RULE_ID = RULE_ID_VAL; COMMIT; | AV5: ="SELECT ERR_VALUE, RULE_ID, TB_NM, COL_NM FROM ( SELECT DISTINCT SUBSTRING(CAST("& $J5 &" AS VARCHAR),1,30) AS ERR_VALUE, 'ID"& $U5 &"' AS RULE_ID, '"& $G5 &"' AS TB_NM, '"& $J5 &"' AS COL_NM FROM "&$C5&"."& $AJ5 &" A WHERE CASE WHEN NOT EXISTS (SELECT 1 FROM "&$C5&"."& $G5 &" B WHERE B."& $AK5 &" = A."& $J5 &") THEN 'Y' ELSE 'N' END = 'Y' AND ( "& $J5 &" IS NOT NULL AND LENGTH(CAST("& $J5 &" AS VARCHAR))>0 ) LIMIT 3 ) XX " -> SELECT ERR_VALUE, RULE_ID, TB_NM, COL_NM FROM ( SELECT DISTINCT SUBSTRING(CAST(PERSON_ID AS VARCHAR),1,30) AS ERR_VALUE, 'ID1003' AS RULE_ID, 'PERSON' AS TB_NM, 'PERSON_ID' AS COL_NM FROM YourSchemaName.VISIT_OCCURRENCE A WHERE CASE WHEN NOT EXISTS (SELECT 1 FROM YourSchemaName.PERSON B WHERE B.PERSON_ID = A.PERSON_ID) THEN 'Y' ELSE 'N' END = 'Y' AND ( PERSON_ID IS NOT NULL AND LENGTH(CAST(PERSON_ID AS VARCHAR))>0 ) LIMIT 3 ) XX | AW5: UNION ALL | AX5: =" WITH query_result AS (" & CHAR(10) & " -- 쿼리 결과를 변수에 저장" & CHAR(10) & " " & AV5 & CHAR(10) & " )" & CHAR(10) & " SELECT" & CHAR(10) & " RULE_ID, TB_NM, COL_NM, ERR_VALUE" & CHAR(10) & " INTO" & CHAR(10) & " RULE_ID_VAL, TB_NM_VAL, COL_NM_VAL, ERR_VALUE_VAL" & CHAR(10) & " FROM query_result;" & CHAR(10) & " -- 결과를 테이블에 삽입" & CHAR(10) & " UPDATE result_quality_check SET ERR_VALUE = ERR_VALUE_VAL WHERE RULE_ID = RULE_ID_VAL;" & CHAR(10) & " COMMIT;" & CHAR(10) -> WITH query_result AS ( -- 쿼리 결과를 변수에 저장 SELECT ERR_VALUE, RULE_ID, TB_NM, COL_NM FROM ( SELECT DISTINCT SUBSTRING(CAST(PERSON_ID AS VARCHAR),1,30) AS ERR_VALUE, 'ID1003' AS RULE_ID, 'PERSON' AS TB_NM, 'PERSON_ID' AS COL_NM FROM YourSchemaName.VISIT_OCCURRENCE A WHERE CASE WHEN NOT EXISTS (SELECT 1 FROM YourSchemaName.PERSON B WHERE B.PERSON_ID = A.PERSON_ID) THEN 'Y' ELSE 'N' END = 'Y' AND ( PERSON_ID IS NOT NULL AND LENGTH(CAST(PERSON_ID AS VARCHAR))>0 ) LIMIT 3 ) XX ) SELECT RULE_ID, TB_NM, COL_NM, ERR_VALUE INTO RULE_ID_VAL, TB_NM_VAL, COL_NM_VAL, ERR_VALUE_VAL FROM query_result; -- 결과를 테이블에 삽입 UPDATE result_quality_check SET ERR_VALUE = ERR_VALUE_VAL WHERE RULE_ID = RULE_ID_VAL; COMMIT; | AY5: ="SELECT 'ID"& $U5 &"' AS RULE_ID, '"& $G5 &"' AS TB_NM, '"& $J5 &"' AS COL_NM, COUNT(*) AS TOT_CNT FROM "&$C5&"."& $G5 &" WHERE "& $J5 &" IS NOT NULL AND DATALENGTH("& $J5 &")>0 " -> SELECT 'ID1003' AS RULE_ID, 'PERSON' AS TB_NM, 'PERSON_ID' AS COL_NM, COUNT(*) AS TOT_CNT FROM YourSchemaName.PERSON WHERE PERSON_ID IS NOT NULL AND DATALENGTH(PERSON_ID)>0 | AZ5: UNION ALL | BA5: ="BEGIN TRY" & CHAR(10) & " WITH query_result AS (" & CHAR(10) & " "&AY5& CHAR(10) & " )" & CHAR(10) & " SELECT" & CHAR(10) & " @RULE_ID_VAL = RULE_ID," & CHAR(10) & " @TB_NM_VAL = TB_NM," & CHAR(10) & " @COL_NM_VAL = COL_NM," & CHAR(10) & " @TOT_CNT_VAL = TOT_CNT" & CHAR(10) & " FROM query_result;" & CHAR(10) & " -- 결과를 테이블에 삽입" & CHAR(10) & " INSERT INTO dbo.result_quality_check (RULE_ID, TB_NM, COL_NM, TOT_CNT)" & CHAR(10) & " VALUES (@RULE_ID_VAL, @TB_NM_VAL, @COL_NM_VAL, @TOT_CNT_VAL);" & CHAR(10) & "END TRY" & CHAR(10) & "BEGIN CATCH" & CHAR(10) & " -- 오류 발생 시 에러 로그에 기록" & CHAR(10) & " INSERT INTO dbo.quality_check_error_log (CHK_ID, ERROR_MESSAGE)" & CHAR(10) & " VALUES (@RULE_ID_VAL, ERROR_MESSAGE());" & CHAR(10) & "END CATCH;" & CHAR(10) & " COMMIT;" & CHAR(10) -> BEGIN TRY WITH query_result AS ( SELECT 'ID1003' AS RULE_ID, 'PERSON' AS TB_NM, 'PERSON_ID' AS COL_NM, COUNT(*) AS TOT_CNT FROM YourSchemaName.PERSON WHERE PERSON_ID IS NOT NULL AND DATALENGTH(PERSON_ID)>0 ) SELECT @RULE_ID_VAL = RULE_ID, @TB_NM_VAL = TB_NM, @COL_NM_VAL = COL_NM, @TOT_CNT_VAL = TOT_CNT FROM query_result; -- 결과를 테이블에 삽입 INSERT INTO dbo.result_quality_check (RULE_ID, TB_NM, COL_NM, TOT_CNT) VALUES (@RULE_ID_VAL, @TB_NM_VAL, @COL_NM_VAL, @TOT_CNT_VAL); END TRY BEGIN CATCH -- 오류 발생 시 에러 로그에 기록 INSERT INTO dbo.quality_check_error_log (CHK_ID, ERROR_MESSAGE) VALUES (@RULE_ID_VAL, ERROR_MESSAGE()); END CATCH; COMMIT; | BB5: ="SELECT 'ID"& $U5 &"' AS RULE_ID, '"& $G5 &"' AS TB_NM, '"& $J5 &"' AS COL_NM, COUNT(*) AS ERR_CNT FROM "&$C5&"."& $AJ5 &" A WHERE CASE WHEN NOT EXISTS (SELECT 1 FROM "&$C5&"."& $G5 &" B WHERE B."&$AK5&" = A."& $J5 &" ) THEN 'Y' ELSE 'N' END = 'Y' AND ( "& $J5 &" IS NOT NULL AND DATALENGTH(CAST("& $J5 &" AS VARCHAR))>0 ) " -> SELECT 'ID1003' AS RULE_ID, 'PERSON' AS TB_NM, 'PERSON_ID' AS COL_NM, COUNT(*) AS ERR_CNT FROM YourSchemaName.VISIT_OCCURRENCE A WHERE CASE WHEN NOT EXISTS (SELECT 1 FROM YourSchemaName.PERSON B WHERE B.PERSON_ID = A.PERSON_ID ) THEN 'Y' ELSE 'N' END = 'Y' AND ( PERSON_ID IS NOT NULL AND DATALENGTH(CAST(PERSON_ID AS VARCHAR))>0 ) | BC5: UNION ALL | BD5: ="BEGIN TRY" & CHAR(10) & " WITH query_result AS (" & CHAR(10) & " "&BB5& CHAR(10) & " )" & CHAR(10) & " SELECT" & CHAR(10) & " @RULE_ID_VAL = RULE_ID," & CHAR(10) & " @TB_NM_VAL = TB_NM," & CHAR(10) & " @COL_NM_VAL = COL_NM," & CHAR(10) & " @ERR_CNT_VAL = ERR_CNT" & CHAR(10) & " FROM query_result;" & CHAR(10) & " -- 결과를 테이블에 삽입" & CHAR(10) & " UPDATE dbo.result_quality_check SET ERR_CNT = @ERR_CNT_VAL WHERE RULE_ID = @RULE_ID_VAL;" & CHAR(10) &"END TRY" & CHAR(10) & "BEGIN CATCH" & CHAR(10) & " -- 오류 발생 시 에러 로그에 기록" & CHAR(10) & " INSERT INTO dbo.quality_check_error_log (CHK_ID, ERROR_MESSAGE)" & CHAR(10) & " VALUES (@RULE_ID_VAL, ERROR_MESSAGE());" & CHAR(10) & "END CATCH;" & CHAR(10) & " COMMIT; " & CHAR(10) -> BEGIN TRY WITH query_result AS ( SELECT 'ID1003' AS RULE_ID, 'PERSON' AS TB_NM, 'PERSON_ID' AS COL_NM, COUNT(*) AS ERR_CNT FROM YourSchemaName.VISIT_OCCURRENCE A WHERE CASE WHEN NOT EXISTS (SELECT 1 FROM YourSchemaName.PERSON B WHERE B.PERSON_ID = A.PERSON_ID ) THEN 'Y' ELSE 'N' END = 'Y' AND ( PERSON_ID IS NOT NULL AND DATALENGTH(CAST(PERSON_ID AS VARCHAR))>0 ) ) SELECT @RULE_ID_VAL = RULE_ID, @TB_NM_VAL = TB_NM, @COL_NM_VAL = COL_NM, @ERR_CNT_VAL = ERR_CNT FROM query_result; -- 결과를 테이블에 삽입 UPDATE dbo.result_quality_check SET ERR_CNT = @ERR_CNT_VAL WHERE RULE_ID = @RULE_ID_VAL; END TRY BEGIN CATCH -- 오류 발생 시 에러 로그에 기록 INSERT INTO dbo.quality_check_error_log (CHK_ID, ERROR_MESSAGE) VALUES (@RULE_ID_VAL, ERROR_MESSAGE()); END CATCH; COMMIT; | BE5: ="SELECT TOP 3 ERR_VALUE, RULE_ID, TB_NM, COL_NM FROM ( SELECT DISTINCT SUBSTRING(CAST("& $J5 &" AS VARCHAR),1,30) AS ERR_VALUE, 'ID"& $U5 &"' AS RULE_ID, '"& $G5 &"' AS TB_NM, '"& $J5 &"' AS COL_NM FROM "&$C5&"."& $AJ5 &" A WHERE CASE WHEN NOT EXISTS (SELECT 1 FROM "&$C5&"."& $G5 &" B WHERE B."& $AK5 &" = A."& $J5 &") THEN 'Y' ELSE 'N' END = 'Y' AND ( "& $J5 &" IS NOT NULL AND DATALENGTH(CAST("& $J5 &" AS VARCHAR))>0 ) ) XX " -> SELECT TOP 3 ERR_VALUE, RULE_ID, TB_NM, COL_NM FROM ( SELECT DISTINCT SUBSTRING(CAST(PERSON_ID AS VARCHAR),1,30) AS ERR_VALUE, 'ID1003' AS RULE_ID, 'PERSON' AS TB_NM, 'PERSON_ID' AS COL_NM FROM YourSchemaName.VISIT_OCCURRENCE A WHERE CASE WHEN NOT EXISTS (SELECT 1 FROM YourSchemaName.PERSON B WHERE B.PERSON_ID = A.PERSON_ID) THEN 'Y' ELSE 'N' END = 'Y' AND ( PERSON_ID IS NOT NULL AND DATALENGTH(CAST(PERSON_ID AS VARCHAR))>0 ) ) XX | BF5: UNION ALL | BG5: ="BEGIN TRY" & CHAR(10) & " WITH query_result AS (" & CHAR(10) & " "&BE5& CHAR(10) & " )" & CHAR(10) & " SELECT" & CHAR(10) & " @RULE_ID_VAL = RULE_ID," & CHAR(10) & " @TB_NM_VAL = TB_NM," & CHAR(10) & " @COL_NM_VAL = COL_NM," & CHAR(10) & " @ERR_VALUE_VAL = ERR_VALUE" & CHAR(10) & " FROM query_result;" & CHAR(10) & " -- 결과를 테이블에 삽입" & CHAR(10) & " UPDATE dbo.result_quality_check SET ERR_VALUE = @ERR_VALUE_VAL WHERE RULE_ID = @RULE_ID_VAL;" & CHAR(10) &"END TRY" & CHAR(10) & "BEGIN CATCH" & CHAR(10) & " -- 오류 발생 시 에러 로그에 기록" & CHAR(10) & " INSERT INTO dbo.quality_check_error_log (CHK_ID, ERROR_MESSAGE)" & CHAR(10) & " VALUES (@RULE_ID_VAL, ERROR_MESSAGE());" & CHAR(10) & "END CATCH;" & CHAR(10) & "COMMIT;" & CHAR(10) -> BEGIN TRY WITH query_result AS ( SELECT TOP 3 ERR_VALUE, RULE_ID, TB_NM, COL_NM FROM ( SELECT DISTINCT SUBSTRING(CAST(PERSON_ID AS VARCHAR),1,30) AS ERR_VALUE, 'ID1003' AS RULE_ID, 'PERSON' AS TB_NM, 'PERSON_ID' AS COL_NM FROM YourSchemaName.VISIT_OCCURRENCE A WHERE CASE WHEN NOT EXISTS (SELECT 1 FROM YourSchemaName.PERSON B WHERE B.PERSON_ID = A.PERSON_ID) THEN 'Y' ELSE 'N' END = 'Y' AND ( PERSON_ID IS NOT NULL AND DATALENGTH(CAST(PERSON_ID AS VARCHAR))>0 ) ) XX ) SELECT @RULE_ID_VAL = RULE_ID, @TB_NM_VAL = TB_NM, @COL_NM_VAL = COL_NM, @ERR_VALUE_VAL = ERR_VALUE FROM query_result; -- 결과를 테이블에 삽입 UPDATE dbo.result_quality_check SET ERR_VALUE = @ERR_VALUE_VAL WHERE RULE_ID = @RULE_ID_VAL; END TRY BEGIN CATCH -- 오류 발생 시 에러 로그에 기록 INSERT INTO dbo.quality_check_error_log (CHK_ID, ERROR_MESSAGE) VALUES (@RULE_ID_VAL, ERROR_MESSAGE()); END CATCH; COMMIT; | BH5: ="SELECT 'ID"& $U5 &"' AS RULE_ID, '"& $G5 &"' AS TB_NM, '"& $J5 &"' AS COL_NM, COUNT(*) AS TOT_CNT FROM "&$C5&"."& $G5 &" WHERE "& $J5 &" IS NOT NULL AND LENGTH(CAST("& $J5 &" AS VARCHAR))>0 " -> SELECT 'ID1003' AS RULE_ID, 'PERSON' AS TB_NM, 'PERSON_ID' AS COL_NM, COUNT(*) AS TOT_CNT FROM YourSchemaName.PERSON WHERE PERSON_ID IS NOT NULL AND LENGTH(CAST(PERSON_ID AS VARCHAR))>0 | BI5: UNION ALL | BJ5: ="BEGIN" & CHAR(10) & " -- 쿼리 결과를 변수에 저장" & CHAR(10) & " " & BH5 & " INTO RULE_ID_VAL, TB_NM_VAL, COL_NM_VAL, TOT_CNT_VAL;" & CHAR(10) & " -- 결과를 테이블에 삽입" & CHAR(10) & " INSERT INTO result_quality_check (RULE_ID, TB_NM, COL_NM, TOT_CNT)" & CHAR(10) & " VALUES (RULE_ID_VAL, TB_NM_VAL, COL_NM_VAL, TOT_CNT_VAL);" & CHAR(10) & "EXCEPTION WHEN OTHERS THEN" & CHAR(10) & " -- 오류 발생 시 에러 로그에 기록" & CHAR(10) & " INSERT INTO quality_check_error_log(CHK_ID, error_message)" & CHAR(10) & " VALUES (RULE_ID_VAL, SQLERRM);" & CHAR(10) & "END; " & " COMMIT;" & CHAR(10) -> BEGIN -- 쿼리 결과를 변수에 저장 SELECT 'ID1003' AS RULE_ID, 'PERSON' AS TB_NM, 'PERSON_ID' AS COL_NM, COUNT(*) AS TOT_CNT FROM YourSchemaName.PERSON WHERE PERSON_ID IS NOT NULL AND LENGTH(CAST(PERSON_ID AS VARCHAR))>0 INTO RULE_ID_VAL, TB_NM_VAL, COL_NM_VAL, TOT_CNT_VAL; -- 결과를 테이블에 삽입 INSERT INTO result_quality_check (RULE_ID, TB_NM, COL_NM, TOT_CNT) VALUES (RULE_ID_VAL, TB_NM_VAL, COL_NM_VAL, TOT_CNT_VAL); EXCEPTION WHEN OTHERS THEN -- 오류 발생 시 에러 로그에 기록 INSERT INTO quality_check_error_log(CHK_ID, error_message) VALUES (RULE_ID_VAL, SQLERRM); END; COMMIT; | BK5: ="SELECT 'ID"& $U5 &"' AS RULE_ID, '"& $G5 &"' AS TB_NM, '"& $J5 &"' AS COL_NM, COUNT(*) AS ERR_CNT FROM "&$C5&"."& $AJ5 &" A WHERE CASE WHEN NOT EXISTS (SELECT 1 FROM "&$C5&"."& $G5 &" B WHERE B."&$AK5&" = A."& $J5 &" ) THEN 'Y' ELSE 'N' END = 'Y' AND ( "& $J5 &" IS NOT NULL AND LENGTH(CAST("& $J5 &" AS VARCHAR))>0 ) " -> SELECT 'ID1003' AS RULE_ID, 'PERSON' AS TB_NM, 'PERSON_ID' AS COL_NM, COUNT(*) AS ERR_CNT FROM YourSchemaName.VISIT_OCCURRENCE A WHERE CASE WHEN NOT EXISTS (SELECT 1 FROM YourSchemaName.PERSON B WHERE B.PERSON_ID = A.PERSON_ID ) THEN 'Y' ELSE 'N' END = 'Y' AND ( PERSON_ID IS NOT NULL AND LENGTH(CAST(PERSON_ID AS VARCHAR))>0 ) | BL5: UNION ALL | BM5: ="BEGIN" & CHAR(10) & " -- 쿼리 결과를 변수에 저장" & CHAR(10) & " " & BK5 & " INTO RULE_ID_VAL, TB_NM_VAL, COL_NM_VAL, ERR_CNT_VAL;" & CHAR(10) & " -- 결과를 테이블에 삽입" & CHAR(10) & " UPDATE result_quality_check SET err_cnt = ERR_CNT_VAL WHERE rule_id = RULE_ID_VAL;" & CHAR(10) & "EXCEPTION WHEN OTHERS THEN" & CHAR(10) & " -- 오류 발생 시 에러 로그에 기록" & CHAR(10) & " INSERT INTO quality_check_error_log(CHK_ID, error_message)" & CHAR(10) & " VALUES (RULE_ID_VAL, SQLERRM);" & CHAR(10) & "END;" & CHAR(10) & " COMMIT;" & CHAR(10) -> BEGIN -- 쿼리 결과를 변수에 저장 SELECT 'ID1003' AS RULE_ID, 'PERSON' AS TB_NM, 'PERSON_ID' AS COL_NM, COUNT(*) AS ERR_CNT FROM YourSchemaName.VISIT_OCCURRENCE A WHERE CASE WHEN NOT EXISTS (SELECT 1 FROM YourSchemaName.PERSON B WHERE B.PERSON_ID = A.PERSON_ID ) THEN 'Y' ELSE 'N' END = 'Y' AND ( PERSON_ID IS NOT NULL AND LENGTH(CAST(PERSON_ID AS VARCHAR))>0 ) INTO RULE_ID_VAL, TB_NM_VAL, COL_NM_VAL, ERR_CNT_VAL; -- 결과를 테이블에 삽입 UPDATE result_quality_check SET err_cnt = ERR_CNT_VAL WHERE rule_id = RULE_ID_VAL; EXCEPTION WHEN OTHERS THEN -- 오류 발생 시 에러 로그에 기록 INSERT INTO quality_check_error_log(CHK_ID, error_message) VALUES (RULE_ID_VAL, SQLERRM); END; COMMIT; | BN5: ="SELECT ERR_VALUE, RULE_ID, TB_NM, COL_NM FROM ( SELECT DISTINCT SUBSTRING(CAST("& $J5 &" AS VARCHAR),1,30) AS ERR_VALUE, 'ID"& $U5 &"' AS RULE_ID, '"& $G5 &"' AS TB_NM, '"& $J5 &"' AS COL_NM FROM "&$C5&"."& $AJ5 &" A WHERE CASE WHEN NOT EXISTS (SELECT 1 FROM "&$C5&"."& $G5 &" B WHERE B."& $AK5 &" = A."& $J5 &") THEN 'Y' ELSE 'N' END = 'Y' AND ( "& $J5 &" IS NOT NULL AND LENGTH(CAST("& $J5 &" AS VARCHAR))>0 ) LIMIT 3 ) XX " -> SELECT ERR_VALUE, RULE_ID, TB_NM, COL_NM FROM ( SELECT DISTINCT SUBSTRING(CAST(PERSON_ID AS VARCHAR),1,30) AS ERR_VALUE, 'ID1003' AS RULE_ID, 'PERSON' AS TB_NM, 'PERSON_ID' AS COL_NM FROM YourSchemaName.VISIT_OCCURRENCE A WHERE CASE WHEN NOT EXISTS (SELECT 1 FROM YourSchemaName.PERSON B WHERE B.PERSON_ID = A.PERSON_ID) THEN 'Y' ELSE 'N' END = 'Y' AND ( PERSON_ID IS NOT NULL AND LENGTH(CAST(PERSON_ID AS VARCHAR))>0 ) LIMIT 3 ) XX | BO5: UNION ALL | BP5: ="BEGIN" & CHAR(10) & " -- 쿼리 결과를 변수에 저장" & CHAR(10) & " " & BN5 & " INTO ERR_VALUE_VAL, RULE_ID_VAL, TB_NM_VAL, COL_NM_VAL;" & CHAR(10) & " -- 결과를 테이블에 삽입" & CHAR(10) & " UPDATE result_quality_check SET err_value = ERR_VALUE_VAL WHERE rule_id = RULE_ID_VAL;" & CHAR(10) & "EXCEPTION WHEN OTHERS THEN" & CHAR(10) & " -- 오류 발생 시 에러 로그에 기록" & CHAR(10) & " INSERT INTO quality_check_error_log(CHK_ID, error_message)" & CHAR(10) & " VALUES (RULE_ID_VAL, SQLERRM);" & CHAR(10) & "END;" & CHAR(10) & " COMMIT;" & CHAR(10) -> BEGIN -- 쿼리 결과를 변수에 저장 SELECT ERR_VALUE, RULE_ID, TB_NM, COL_NM FROM ( SELECT DISTINCT SUBSTRING(CAST(PERSON_ID AS VARCHAR),1,30) AS ERR_VALUE, 'ID1003' AS RULE_ID, 'PERSON' AS TB_NM, 'PERSON_ID' AS COL_NM FROM YourSchemaName.VISIT_OCCURRENCE A WHERE CASE WHEN NOT EXISTS (SELECT 1 FROM YourSchemaName.PERSON B WHERE B.PERSON_ID = A.PERSON_ID) THEN 'Y' ELSE 'N' END = 'Y' AND ( PERSON_ID IS NOT NULL AND LENGTH(CAST(PERSON_ID AS VARCHAR))>0 ) LIMIT 3 ) XX INTO ERR_VALUE_VAL, RULE_ID_VAL, TB_NM_VAL, COL_NM_VAL; -- 결과를 테이블에 삽입 UPDATE result_quality_check SET err_value = ERR_VALUE_VAL WHERE rule_id = RULE_ID_VAL; EXCEPTION WHEN OTHERS THEN -- 오류 발생 시 에러 로그에 기록 INSERT INTO quality_check_error_log(CHK_ID, error_message) VALUES (RULE_ID_VAL, SQLERRM); END; COMMIT; | BQ5: ="SELECT 'ID"& $U5 &"' AS RULE_ID, '"& $G5 &"' AS TB_NM, '"& $J5 &"' AS COL_NM, COUNT(*) AS TOT_CNT FROM "&$C5&"."& $G5 &" WHERE "& $J5 &" IS NOT NULL AND LENGTH("& $J5 &")>0 " -> SELECT 'ID1003' AS RULE_ID, 'PERSON' AS TB_NM, 'PERSON_ID' AS COL_NM, COUNT(*) AS TOT_CNT FROM YourSchemaName.PERSON WHERE PERSON_ID IS NOT NULL AND LENGTH(PERSON_ID)>0 | BR5: UNION ALL | BS5: ="BEGIN"&CHAR(10)& " -- 오류 발생 시 에러 로그에 기록"&CHAR(10)& " DECLARE CONTINUE HANDLER FOR SQLEXCEPTION"&CHAR(10)& " BEGIN"&CHAR(10)& " INSERT INTO quality_check_error_log (CHK_ID, ERROR_MESSAGE)"&CHAR(10)& " VALUES (RULE_ID_VAL, ERROR_MESSAGE());"&CHAR(10)& " END;"&CHAR(10)&CHAR(10)& " -- 쿼리 결과를 변수에 저장"&CHAR(10)& " "&BQ5&CHAR(10)& " INTO RULE_ID_VAL, TB_NM_VAL, COL_NM_VAL, TOT_CNT_VAL;"&CHAR(10)&CHAR(10)& " -- 결과를 테이블에 삽입"&CHAR(10)& " INSERT INTO result_quality_check (RULE_ID, TB_NM, COL_NM, TOT_CNT)"&CHAR(10)& " VALUES (RULE_ID_VAL, TB_NM_VAL, COL_NM_VAL, TOT_CNT_VAL);"&CHAR(10)& "END;"&CHAR(10) & "COMMIT;" & CHAR(10) -> BEGIN -- 오류 발생 시 에러 로그에 기록 DECLARE CONTINUE HANDLER FOR SQLEXCEPTION BEGIN INSERT INTO quality_check_error_log (CHK_ID, ERROR_MESSAGE) VALUES (RULE_ID_VAL, ERROR_MESSAGE()); END; -- 쿼리 결과를 변수에 저장 SELECT 'ID1003' AS RULE_ID, 'PERSON' AS TB_NM, 'PERSON_ID' AS COL_NM, COUNT(*) AS TOT_CNT FROM YourSchemaName.PERSON WHERE PERSON_ID IS NOT NULL AND LENGTH(PERSON_ID)>0 INTO RULE_ID_VAL, TB_NM_VAL, COL_NM_VAL, TOT_CNT_VAL; -- 결과를 테이블에 삽입 INSERT INTO result_quality_check (RULE_ID, TB_NM, COL_NM, TOT_CNT) VALUES (RULE_ID_VAL, TB_NM_VAL, COL_NM_VAL, TOT_CNT_VAL); END; COMMIT; | BT5: ="SELECT 'ID"& $U5 &"' AS RULE_ID, '"& $G5 &"' AS TB_NM, '"& $J5 &"' AS COL_NM, COUNT(*) AS ERR_CNT FROM "&$C5&"."& $AJ5 &" A WHERE CASE WHEN NOT EXISTS (SELECT 1 FROM "&$C5&"."& $G5&" B WHERE B."&$AK5&" = A."& $J5 &" ) THEN 'Y' ELSE 'N' END = 'Y' AND ( "& $J5 &" IS NOT NULL AND LENGTH("& $J5 &")>0 ) " -> SELECT 'ID1003' AS RULE_ID, 'PERSON' AS TB_NM, 'PERSON_ID' AS COL_NM, COUNT(*) AS ERR_CNT FROM YourSchemaName.VISIT_OCCURRENCE A WHERE CASE WHEN NOT EXISTS (SELECT 1 FROM YourSchemaName.PERSON B WHERE B.PERSON_ID = A.PERSON_ID ) THEN 'Y' ELSE 'N' END = 'Y' AND ( PERSON_ID IS NOT NULL AND LENGTH(PERSON_ID)>0 ) | BU5: UNION ALL | BV5: ="BEGIN" & CHAR(10) & " -- 오류 발생 시 에러 로그에 기록" & CHAR(10) & " DECLARE CONTINUE HANDLER FOR SQLEXCEPTION" & CHAR(10) & " BEGIN" & CHAR(10) & " INSERT INTO quality_check_error_log (CHK_ID, ERROR_MESSAGE)" & CHAR(10) & " VALUES (RULE_ID_VAL, ERROR_MESSAGE());" & CHAR(10) & " END;" & CHAR(10) & "" & CHAR(10) & " -- 쿼리 결과를 변수에 저장" & CHAR(10) & " "&BT5& CHAR(10) & " INTO RULE_ID_VAL, TB_NM_VAL, COL_NM_VAL, ERR_CNT_VAL;" & CHAR(10) & "" & CHAR(10) & " -- 결과를 테이블에 삽입" & CHAR(10) & " update result_quality_check set ERR_CNT = ERR_CNT_VAL where RULE_ID = RULE_ID_VAL;" & CHAR(10) & "END;" & CHAR(10) & "COMMIT;" & CHAR(10) -> BEGIN -- 오류 발생 시 에러 로그에 기록 DECLARE CONTINUE HANDLER FOR SQLEXCEPTION BEGIN INSERT INTO quality_check_error_log (CHK_ID, ERROR_MESSAGE) VALUES (RULE_ID_VAL, ERROR_MESSAGE()); END; -- 쿼리 결과를 변수에 저장 SELECT 'ID1003' AS RULE_ID, 'PERSON' AS TB_NM, 'PERSON_ID' AS COL_NM, COUNT(*) AS ERR_CNT FROM YourSchemaName.VISIT_OCCURRENCE A WHERE CASE WHEN NOT EXISTS (SELECT 1 FROM YourSchemaName.PERSON B WHERE B.PERSON_ID = A.PERSON_ID ) THEN 'Y' ELSE 'N' END = 'Y' AND ( PERSON_ID IS NOT NULL AND LENGTH(PERSON_ID)>0 ) INTO RULE_ID_VAL, TB_NM_VAL, COL_NM_VAL, ERR_CNT_VAL; -- 결과를 테이블에 삽입 update result_quality_check set ERR_CNT = ERR_CNT_VAL where RULE_ID = RULE_ID_VAL; END; COMMIT; | BW5: ="SELECT ERR_VALUE, RULE_ID, TB_NM, COL_NM FROM ( SELECT DISTINCT SUBSTRING(CAST("& $J5 &" AS VARCHAR(50)),1,30) AS ERR_VALUE, 'ID"& $U5 &"' AS RULE_ID, '"& $G5 &"' AS TB_NM, '"& $J5 &"' AS COL_NM FROM "&$C5&"."& $AJ5 &" A WHERE CASE WHEN NOT EXISTS (SELECT 1 FROM "&$C5&"."& $G5 &" B WHERE B."& $AK5 &" = A."& $J5 &") THEN 'Y' ELSE 'N' END = 'Y' AND ( "& $J5 &" IS NOT NULL AND LENGTH("& $J5 &")>0 ) LIMIT 3 ) XX " -> SELECT ERR_VALUE, RULE_ID, TB_NM, COL_NM FROM ( SELECT DISTINCT SUBSTRING(CAST(PERSON_ID AS VARCHAR(50)),1,30) AS ERR_VALUE, 'ID1003' AS RULE_ID, 'PERSON' AS TB_NM, 'PERSON_ID' AS COL_NM FROM YourSchemaName.VISIT_OCCURRENCE A WHERE CASE WHEN NOT EXISTS (SELECT 1 FROM YourSchemaName.PERSON B WHERE B.PERSON_ID = A.PERSON_ID) THEN 'Y' ELSE 'N' END = 'Y' AND ( PERSON_ID IS NOT NULL AND LENGTH(PERSON_ID)>0 ) LIMIT 3 ) XX | BX5: UNION ALL | BY5: ="BEGIN" & CHAR(10) & " -- 오류 발생 시 에러 로그에 기록" & CHAR(10) & " DECLARE CONTINUE HANDLER FOR SQLEXCEPTION" & CHAR(10) & " BEGIN" & CHAR(10) & " INSERT INTO quality_check_error_log (CHK_ID, ERROR_MESSAGE)" & CHAR(10) & " VALUES (RULE_ID_VAL, ERROR_MESSAGE());" & CHAR(10) & " END;" & CHAR(10) & "" & CHAR(10) & " -- 쿼리 결과를 변수에 저장" & CHAR(10) & " "&BW5& CHAR(10) & " INTO ERR_VALUE_VAL, RULE_ID_VAL, TB_NM_VAL, COL_NM_VAL;" & CHAR(10) & "" & CHAR(10) & " -- 결과를 테이블에 삽입" & CHAR(10) & " update result_quality_check set ERR_VALUE = ERR_VALUE_VAL where RULE_ID = RULE_ID_VAL;" & CHAR(10) & " END;" & CHAR(10) & " COMMIT;" & CHAR(10) -> BEGIN -- 오류 발생 시 에러 로그에 기록 DECLARE CONTINUE HANDLER FOR SQLEXCEPTION BEGIN INSERT INTO quality_check_error_log (CHK_ID, ERROR_MESSAGE) VALUES (RULE_ID_VAL, ERROR_MESSAGE()); END; -- 쿼리 결과를 변수에 저장 SELECT ERR_VALUE, RULE_ID, TB_NM, COL_NM FROM ( SELECT DISTINCT SUBSTRING(CAST(PERSON_ID AS VARCHAR(50)),1,30) AS ERR_VALUE, 'ID1003' AS RULE_ID, 'PERSON' AS TB_NM, 'PERSON_ID' AS COL_NM FROM YourSchemaName.VISIT_OCCURRENCE A WHERE CASE WHEN NOT EXISTS (SELECT 1 FROM YourSchemaName.PERSON B WHERE B.PERSON_ID = A.PERSON_ID) THEN 'Y' ELSE 'N' END = 'Y' AND ( PERSON_ID IS NOT NULL AND LENGTH(PERSON_ID)>0 ) LIMIT 3 ) XX INTO ERR_VALUE_VAL, RULE_ID_VAL, TB_NM_VAL, COL_NM_VAL; -- 결과를 테이블에 삽입 update result_quality_check set ERR_VALUE = ERR_VALUE_VAL where RULE_ID = RULE_ID_VAL; END; COMMIT; | BZ5: ="SELECT 'ID"& $U5 &"' AS RULE_ID, '"& $G5 &"' AS TB_NM, '"& $J5 &"' AS COL_NM, COUNT(*) AS TOT_CNT FROM "&$C5&"."& $G5 &" WHERE "& $J5 &" IS NOT NULL AND LENGTH("& $J5 &")>0 " -> SELECT 'ID1003' AS RULE_ID, 'PERSON' AS TB_NM, 'PERSON_ID' AS COL_NM, COUNT(*) AS TOT_CNT FROM YourSchemaName.PERSON WHERE PERSON_ID IS NOT NULL AND LENGTH(PERSON_ID)>0 | CA5: UNION ALL | CB5: =" -- 프로시저 본문" & CHAR(10) & " BEGIN" & CHAR(10) & " WITH query_result AS (" & CHAR(10) & " -- 쿼리 결과를 변수에 저장" & CHAR(10) & " "&BZ5 & CHAR(10) & " )" & CHAR(10) & " SELECT" & CHAR(10) & " RULE_ID, TB_NM, COL_NM, TOT_CNT" & CHAR(10) & " INTO" & CHAR(10) & " RULE_ID_VAL, TB_NM_VAL, COL_NM_VAL, TOT_CNT_VAL" & CHAR(10) & " FROM query_result;" & CHAR(10) & "" & CHAR(10) & " -- 결과를 테이블에 삽입" & CHAR(10) & " INSERT INTO RESULT_QUALITY_CHECK (RULE_ID, TB_NM, COL_NM, TOT_CNT)" & CHAR(10) & " VALUES (RULE_ID_VAL, TB_NM_VAL, COL_NM_VAL, TOT_CNT_VAL);" & CHAR(10) & "" & CHAR(10) & " EXCEPTION" & CHAR(10) & " WHEN OTHERS THEN" & CHAR(10) & " INSERT INTO QUALITY_CHECK_ERROR_LOG (SEQ, CHK_ID, ERROR_MESSAGE)" & CHAR(10) & " VALUES (QUALITY_CHECK_SEQ.NEXTVAL, RULE_ID_VAL, 'An error has occurred.');" & CHAR(10) & " END;" & CHAR(10) & " COMMIT;" & CHAR(10) -> -- 프로시저 본문 BEGIN WITH query_result AS ( -- 쿼리 결과를 변수에 저장 SELECT 'ID1003' AS RULE_ID, 'PERSON' AS TB_NM, 'PERSON_ID' AS COL_NM, COUNT(*) AS TOT_CNT FROM YourSchemaName.PERSON WHERE PERSON_ID IS NOT NULL AND LENGTH(PERSON_ID)>0 ) SELECT RULE_ID, TB_NM, COL_NM, TOT_CNT INTO RULE_ID_VAL, TB_NM_VAL, COL_NM_VAL, TOT_CNT_VAL FROM query_result; -- 결과를 테이블에 삽입 INSERT INTO RESULT_QUALITY_CHECK (RULE_ID, TB_NM, COL_NM, TOT_CNT) VALUES (RULE_ID_VAL, TB_NM_VAL, COL_NM_VAL, TOT_CNT_VAL); EXCEPTION WHEN OTHERS THEN INSERT INTO QUALITY_CHECK_ERROR_LOG (SEQ, CHK_ID, ERROR_MESSAGE) VALUES (QUALITY_CHECK_SEQ.NEXTVAL, RULE_ID_VAL, 'An error has occurred.'); END; COMMIT; | CC5: ="SELECT 'ID"& $U5 &"' AS RULE_ID, '"& $G5 &"' AS TB_NM, '"& $J5 &"' AS COL_NM, COUNT(*) AS ERR_CNT FROM "&$C5&"."& $AJ5 &" A WHERE CASE WHEN NOT EXISTS (SELECT 1 FROM "&$C5&"."& $G5 &" B WHERE B."&$AK5&" = A."& $J5 &" ) THEN 'Y' ELSE 'N' END = 'Y' AND ( "& $J5 &" IS NOT NULL AND LENGTH(TO_CHAR("& $J5 &"))>0 ) " -> SELECT 'ID1003' AS RULE_ID, 'PERSON' AS TB_NM, 'PERSON_ID' AS COL_NM, COUNT(*) AS ERR_CNT FROM YourSchemaName.VISIT_OCCURRENCE A WHERE CASE WHEN NOT EXISTS (SELECT 1 FROM YourSchemaName.PERSON B WHERE B.PERSON_ID = A.PERSON_ID ) THEN 'Y' ELSE 'N' END = 'Y' AND ( PERSON_ID IS NOT NULL AND LENGTH(TO_CHAR(PERSON_ID))>0 ) | CD5: UNION ALL | CE5: =" -- 프로시저 본문" & CHAR(10) & " BEGIN" & CHAR(10) & " WITH query_result AS (" & CHAR(10) & " -- 쿼리 결과를 변수에 저장" & CHAR(10) & " "&CC5 & CHAR(10) & " ) " & CHAR(10) & " SELECT" & CHAR(10) & " RULE_ID, TB_NM, COL_NM, ERR_CNT" & CHAR(10) & " INTO" & CHAR(10) & " RULE_ID_VAL, TB_NM_VAL, COL_NM_VAL, ERR_CNT_VAL" & CHAR(10) & " FROM query_result;" & CHAR(10) & " -- 결과를 테이블에 삽입" & CHAR(10) & " UPDATE RESULT_QUALITY_CHECK SET ERR_CNT = ERR_CNT_VAL WHERE RULE_ID = RULE_ID_VAL;" & CHAR(10) & " EXCEPTION" & CHAR(10) & " WHEN OTHERS THEN" & CHAR(10) & " INSERT INTO QUALITY_CHECK_ERROR_LOG (SEQ, CHK_ID, ERROR_MESSAGE)" & CHAR(10) & " VALUES (QUALITY_CHECK_SEQ.NEXTVAL, RULE_ID_VAL, 'An error has occurred.');" & CHAR(10) & " END;" & CHAR(10) & " COMMIT;" & CHAR(10) -> -- 프로시저 본문 BEGIN WITH query_result AS ( -- 쿼리 결과를 변수에 저장 SELECT 'ID1003' AS RULE_ID, 'PERSON' AS TB_NM, 'PERSON_ID' AS COL_NM, COUNT(*) AS ERR_CNT FROM YourSchemaName.VISIT_OCCURRENCE A WHERE CASE WHEN NOT EXISTS (SELECT 1 FROM YourSchemaName.PERSON B WHERE B.PERSON_ID = A.PERSON_ID ) THEN 'Y' ELSE 'N' END = 'Y' AND ( PERSON_ID IS NOT NULL AND LENGTH(TO_CHAR(PERSON_ID))>0 ) ) SELECT RULE_ID, TB_NM, COL_NM, ERR_CNT INTO RULE_ID_VAL, TB_NM_VAL, COL_NM_VAL, ERR_CNT_VAL FROM query_result; -- 결과를 테이블에 삽입 UPDATE RESULT_QUALITY_CHECK SET ERR_CNT = ERR_CNT_VAL WHERE RULE_ID = RULE_ID_VAL; EXCEPTION WHEN OTHERS THEN INSERT INTO QUALITY_CHECK_ERROR_LOG (SEQ, CHK_ID, ERROR_MESSAGE) VALUES (QUALITY_CHECK_SEQ.NEXTVAL, RULE_ID_VAL, 'An error has occurred.'); END; COMMIT; | CF5: ="SELECT ERR_VALUE, RULE_ID, TB_NM, COL_NM FROM ( SELECT DISTINCT SUBSTR(TO_CHAR("& $J5 &"),1,30) AS ERR_VALUE, 'ID"& $U5 &"' AS RULE_ID, '"& $G5 &"' AS TB_NM, '"& $J5 &"' AS COL_NM FROM "&$C5&"."& $AJ5 &" A WHERE CASE WHEN NOT EXISTS (SELECT 1 FROM "&$C5&"."& $G5 &" B WHERE B."& $AK5 &" = A."& $J5 &") THEN 'Y' ELSE 'N' END = 'Y' AND ( "& $J5 &" IS NOT NULL AND LENGTH(TO_CHAR("& $J5 &"))>0 ) AND ROWNUM < 4 ) XX " -> SELECT ERR_VALUE, RULE_ID, TB_NM, COL_NM FROM ( SELECT DISTINCT SUBSTR(TO_CHAR(PERSON_ID),1,30) AS ERR_VALUE, 'ID1003' AS RULE_ID, 'PERSON' AS TB_NM, 'PERSON_ID' AS COL_NM FROM YourSchemaName.VISIT_OCCURRENCE A WHERE CASE WHEN NOT EXISTS (SELECT 1 FROM YourSchemaName.PERSON B WHERE B.PERSON_ID = A.PERSON_ID) THEN 'Y' ELSE 'N' END = 'Y' AND ( PERSON_ID IS NOT NULL AND LENGTH(TO_CHAR(PERSON_ID))>0 ) AND ROWNUM < 4 ) XX | CG5: UNION ALL | CH5: =" -- 프로시저 본문" & CHAR(10) & " BEGIN" & CHAR(10) & " WITH query_result AS (" & CHAR(10) & " -- 쿼리 결과를 변수에 저장" & CHAR(10) & " "&CF5& CHAR(10) & " )" & CHAR(10) & " SELECT" & CHAR(10) & " RULE_ID, TB_NM, COL_NM, ERR_VALUE" & CHAR(10) & " INTO" & CHAR(10) & " RULE_ID_VAL, TB_NM_VAL, COL_NM_VAL, ERR_VALUE_VAL" & CHAR(10) & " FROM query_result;" & CHAR(10) & " -- 결과를 테이블에 삽입" & CHAR(10) & " UPDATE RESULT_QUALITY_CHECK SET ERR_VALUE = ERR_VALUE_VAL WHERE RULE_ID = RULE_ID_VAL;" & CHAR(10) & " EXCEPTION" & CHAR(10) & " WHEN NO_DATA_FOUND THEN NULL; " & " WHEN OTHERS THEN" & CHAR(10) & " INSERT INTO QUALITY_CHECK_ERROR_LOG (SEQ, CHK_ID, ERROR_MESSAGE)" & CHAR(10) & " VALUES (QUALITY_CHECK_SEQ.NEXTVAL, RULE_ID_VAL, 'An error has occurred.');" & CHAR(10) & " END;" & CHAR(10) & " COMMIT;" & CHAR(10) -> -- 프로시저 본문 BEGIN WITH query_result AS ( -- 쿼리 결과를 변수에 저장 SELECT ERR_VALUE, RULE_ID, TB_NM, COL_NM FROM ( SELECT DISTINCT SUBSTR(TO_CHAR(PERSON_ID),1,30) AS ERR_VALUE, 'ID1003' AS RULE_ID, 'PERSON' AS TB_NM, 'PERSON_ID' AS COL_NM FROM YourSchemaName.VISIT_OCCURRENCE A WHERE CASE WHEN NOT EXISTS (SELECT 1 FROM YourSchemaName.PERSON B WHERE B.PERSON_ID = A.PERSON_ID) THEN 'Y' ELSE 'N' END = 'Y' AND ( PERSON_ID IS NOT NULL AND LENGTH(TO_CHAR(PERSON_ID))>0 ) AND ROWNUM < 4 ) XX ) SELECT RULE_ID, TB_NM, COL_NM, ERR_VALUE INTO RULE_ID_VAL, TB_NM_VAL, COL_NM_VAL, ERR_VALUE_VAL FROM query_result; -- 결과를 테이블에 삽입 UPDATE RESULT_QUALITY_CHECK SET ERR_VALUE = ERR_VALUE_VAL WHERE RULE_ID = RULE_ID_VAL; EXCEPTION WHEN NO_DATA_FOUND THEN NULL; WHEN OTHERS THEN INSERT INTO QUALITY_CHECK_ERROR_LOG (SEQ, CHK_ID, ERROR_MESSAGE) VALUES (QUALITY_CHECK_SEQ.NEXTVAL, RULE_ID_VAL, 'An error has occurred.'); END; COMMIT; | CI5: ="SELECT 'ID"& $U5 &"' AS RULE_ID, '"& $G5 &"' AS TB_NM, '"& $J5 &"' AS COL_NM, COUNT(*) AS TOT_CNT FROM "&$C5&"."& $G5 &" WHERE "& $J5 &" IS NOT NULL AND DATALENGTH("& $J5 &")>0 " -> SELECT 'ID1003' AS RULE_ID, 'PERSON' AS TB_NM, 'PERSON_ID' AS COL_NM, COUNT(*) AS TOT_CNT FROM YourSchemaName.PERSON WHERE PERSON_ID IS NOT NULL AND DATALENGTH(PERSON_ID)>0 | CJ5: UNION ALL | CK5: ="BEGIN TRY" & CHAR(10) & " WITH query_result AS (" & CHAR(10) & " "&CI5& CHAR(10) & " )" & CHAR(10) & " SELECT" & CHAR(10) & " @RULE_ID_VAL = RULE_ID," & CHAR(10) & " @TB_NM_VAL = TB_NM," & CHAR(10) & " @COL_NM_VAL = COL_NM," & CHAR(10) & " @TOT_CNT_VAL = TOT_CNT" & CHAR(10) & " FROM query_result;" & CHAR(10) & " -- 결과를 테이블에 삽입" & CHAR(10) & " INSERT INTO dbo.result_quality_check (RULE_ID, TB_NM, COL_NM, TOT_CNT)" & CHAR(10) & " VALUES (@RULE_ID_VAL, @TB_NM_VAL, @COL_NM_VAL, @TOT_CNT_VAL);" & CHAR(10) & "END TRY" & CHAR(10) & "BEGIN CATCH" & CHAR(10) & " -- 오류 발생 시 에러 로그에 기록" & CHAR(10) & " INSERT INTO dbo.quality_check_error_log (CHK_ID, ERROR_MESSAGE)" & CHAR(10) & " VALUES (@RULE_ID_VAL, ERROR_MESSAGE());" & CHAR(10) & "END CATCH;" & CHAR(10) & " COMMIT;" & CHAR(10) -> BEGIN TRY WITH query_result AS ( SELECT 'ID1003' AS RULE_ID, 'PERSON' AS TB_NM, 'PERSON_ID' AS COL_NM, COUNT(*) AS TOT_CNT FROM YourSchemaName.PERSON WHERE PERSON_ID IS NOT NULL AND DATALENGTH(PERSON_ID)>0 ) SELECT @RULE_ID_VAL = RULE_ID, @TB_NM_VAL = TB_NM, @COL_NM_VAL = COL_NM, @TOT_CNT_VAL = TOT_CNT FROM query_result; -- 결과를 테이블에 삽입 INSERT INTO dbo.result_quality_check (RULE_ID, TB_NM, COL_NM, TOT_CNT) VALUES (@RULE_ID_VAL, @TB_NM_VAL, @COL_NM_VAL, @TOT_CNT_VAL); END TRY BEGIN CATCH -- 오류 발생 시 에러 로그에 기록 INSERT INTO dbo.quality_check_error_log (CHK_ID, ERROR_MESSAGE) VALUES (@RULE_ID_VAL, ERROR_MESSAGE()); END CATCH; COMMIT; | CL5: ="SELECT 'ID"& $U5 &"' AS RULE_ID, '"& $G5 &"' AS TB_NM, '"& $J5 &"' AS COL_NM, COUNT(*) AS ERR_CNT FROM "&$C5&"."& $G5 &" A WHERE CASE WHEN NOT EXISTS (SELECT 1 FROM "&$C5&"."& $AJ5 &" B WHERE B."&$AK5&" = A."& $J5 &" ) THEN 'Y' ELSE 'N' END = 'Y' AND ( "& $J5 &" IS NOT NULL AND DATALENGTH(CAST("& $J5 &" AS VARCHAR))>0 ) " -> SELECT 'ID1003' AS RULE_ID, 'PERSON' AS TB_NM, 'PERSON_ID' AS COL_NM, COUNT(*) AS ERR_CNT FROM YourSchemaName.PERSON A WHERE CASE WHEN NOT EXISTS (SELECT 1 FROM YourSchemaName.VISIT_OCCURRENCE B WHERE B.PERSON_ID = A.PERSON_ID ) THEN 'Y' ELSE 'N' END = 'Y' AND ( PERSON_ID IS NOT NULL AND DATALENGTH(CAST(PERSON_ID AS VARCHAR))>0 ) | CM5: UNION ALL | CN5: ="BEGIN TRY" & CHAR(10) & " WITH query_result AS (" & CHAR(10) & " "&CL5& CHAR(10) & " )" & CHAR(10) & " SELECT" & CHAR(10) & " @RULE_ID_VAL = RULE_ID," & CHAR(10) & " @TB_NM_VAL = TB_NM," & CHAR(10) & " @COL_NM_VAL = COL_NM," & CHAR(10) & " @ERR_CNT_VAL = ERR_CNT" & CHAR(10) & " FROM query_result;" & CHAR(10) & " -- 결과를 테이블에 삽입" & CHAR(10) & " UPDATE dbo.result_quality_check SET ERR_CNT = @ERR_CNT_VAL WHERE RULE_ID = @RULE_ID_VAL;" & CHAR(10) &"END TRY" & CHAR(10) & "BEGIN CATCH" & CHAR(10) & " -- 오류 발생 시 에러 로그에 기록" & CHAR(10) & " INSERT INTO dbo.quality_check_error_log (CHK_ID, ERROR_MESSAGE)" & CHAR(10) & " VALUES (@RULE_ID_VAL, ERROR_MESSAGE());" & CHAR(10) & "END CATCH;" & CHAR(10) & " COMMIT; " & CHAR(10) -> BEGIN TRY WITH query_result AS ( SELECT 'ID1003' AS RULE_ID, 'PERSON' AS TB_NM, 'PERSON_ID' AS COL_NM, COUNT(*) AS ERR_CNT FROM YourSchemaName.PERSON A WHERE CASE WHEN NOT EXISTS (SELECT 1 FROM YourSchemaName.VISIT_OCCURRENCE B WHERE B.PERSON_ID = A.PERSON_ID ) THEN 'Y' ELSE 'N' END = 'Y' AND ( PERSON_ID IS NOT NULL AND DATALENGTH(CAST(PERSON_ID AS VARCHAR))>0 ) ) SELECT @RULE_ID_VAL = RULE_ID, @TB_NM_VAL = TB_NM, @COL_NM_VAL = COL_NM, @ERR_CNT_VAL = ERR_CNT FROM query_result; -- 결과를 테이블에 삽입 UPDATE dbo.result_quality_check SET ERR_CNT = @ERR_CNT_VAL WHERE RULE_ID = @RULE_ID_VAL; END TRY BEGIN CATCH -- 오류 발생 시 에러 로그에 기록 INSERT INTO dbo.quality_check_error_log (CHK_ID, ERROR_MESSAGE) VALUES (@RULE_ID_VAL, ERROR_MESSAGE()); END CATCH; COMMIT; | CO5: ="SELECT TOP 3 ERR_VALUE, RULE_ID, TB_NM, COL_NM FROM ( SELECT DISTINCT SUBSTRING(CAST("& $J5 &" AS VARCHAR),1,30) AS ERR_VALUE, 'ID"& $U5 &"' AS RULE_ID, '"& $G5 &"' AS TB_NM, '"& $J5 &"' AS COL_NM FROM "&$C5&"."& $G5 &" A WHERE CASE WHEN NOT EXISTS (SELECT 1 FROM "&$C5&"."& $AJ5 &" B WHERE B."& $AK5 &" = A."& $J5 &") THEN 'Y' ELSE 'N' END = 'Y' AND ( "& $J5 &" IS NOT NULL AND DATALENGTH(CAST("& $J5 &" AS VARCHAR))>0 ) ) XX " -> SELECT TOP 3 ERR_VALUE, RULE_ID, TB_NM, COL_NM FROM ( SELECT DISTINCT SUBSTRING(CAST(PERSON_ID AS VARCHAR),1,30) AS ERR_VALUE, 'ID1003' AS RULE_ID, 'PERSON' AS TB_NM, 'PERSON_ID' AS COL_NM FROM YourSchemaName.PERSON A WHERE CASE WHEN NOT EXISTS (SELECT 1 FROM YourSchemaName.VISIT_OCCURRENCE B WHERE B.PERSON_ID = A.PERSON_ID) THEN 'Y' ELSE 'N' END = 'Y' AND ( PERSON_ID IS NOT NULL AND DATALENGTH(CAST(PERSON_ID AS VARCHAR))>0 ) ) XX | CP5: UNION ALL | CQ5: ="BEGIN TRY" & CHAR(10) & " WITH query_result AS (" & CHAR(10) & " "&CO5& CHAR(10) & " )" & CHAR(10) & " SELECT" & CHAR(10) & " @RULE_ID_VAL = RULE_ID," & CHAR(10) & " @TB_NM_VAL = TB_NM," & CHAR(10) & " @COL_NM_VAL = COL_NM," & CHAR(10) & " @ERR_VALUE_VAL = ERR_VALUE" & CHAR(10) & " FROM query_result;" & CHAR(10) & " -- 결과를 테이블에 삽입" & CHAR(10) & " UPDATE dbo.result_quality_check SET ERR_VALUE = @ERR_VALUE_VAL WHERE RULE_ID = @RULE_ID_VAL;" & CHAR(10) &"END TRY" & CHAR(10) & "BEGIN CATCH" & CHAR(10) & " -- 오류 발생 시 에러 로그에 기록" & CHAR(10) & " INSERT INTO dbo.quality_check_error_log (CHK_ID, ERROR_MESSAGE)" & CHAR(10) & " VALUES (@RULE_ID_VAL, ERROR_MESSAGE());" & CHAR(10) & "END CATCH;" & CHAR(10) & "COMMIT;" & CHAR(10) -> BEGIN TRY WITH query_result AS ( SELECT TOP 3 ERR_VALUE, RULE_ID, TB_NM, COL_NM FROM ( SELECT DISTINCT SUBSTRING(CAST(PERSON_ID AS VARCHAR),1,30) AS ERR_VALUE, 'ID1003' AS RULE_ID, 'PERSON' AS TB_NM, 'PERSON_ID' AS COL_NM FROM YourSchemaName.PERSON A WHERE CASE WHEN NOT EXISTS (SELECT 1 FROM YourSchemaName.VISIT_OCCURRENCE B WHERE B.PERSON_ID = A.PERSON_ID) THEN 'Y' ELSE 'N' END = 'Y' AND ( PERSON_ID IS NOT NULL AND DATALENGTH(CAST(PERSON_ID AS VARCHAR))>0 ) ) XX ) SELECT @RULE_ID_VAL = RULE_ID, @TB_NM_VAL = TB_NM, @COL_NM_VAL = COL_NM, @ERR_VALUE_VAL = ERR_VALUE FROM query_result; -- 결과를 테이블에 삽입 UPDATE dbo.result_quality_check SET ERR_VALUE = @ERR_VALUE_VAL WHERE RULE_ID = @RULE_ID_VAL; END TRY BEGIN CATCH -- 오류 발생 시 에러 로그에 기록 INSERT INTO dbo.quality_check_error_log (CHK_ID, ERROR_MESSAGE) VALUES (@RULE_ID_VAL, ERROR_MESSAGE()); END CATCH; COMMIT; | CR5: =IFERROR(VLOOKUP("ID"&U5,V.진단결과!$A$2:$E$99558,4,0),0) -> 0 | CS5: =IFERROR(VLOOKUP("ID"&U5,V.진단결과!$A$2:$E$99558,5,0),0) -> 0 | CT5: =IFERROR(CS5/CR5,0) -> 0 | CU5: =SUBSTITUTE(IFERROR(VLOOKUP("ID"&U5,V.진단결과!$A$2:$F$99558,6,0),""),$AO5,"")
A6: 5.3.1 | B6: Baseline DB | C6: YourSchemaName | D6: 1 | E6: Clinical Data | F6: 환자정보 | G6: PERSON | H6: 1 | I6: CDM 환자ID | J6: PERSON_ID | K6: INTEGER | L6: PK | N6: CDM 환자ID | O6: 100000001 | Q6: 필수 | R6: NOT NULL | U6: 1004 | V6: Y | Z6: 조건 완전성 | AA6: 조건필수값 | AJ6: PROCEDURE_OCCURRENCE | AK6: PERSON_ID | AN6: =F6 &"["&G6&"]의 "& I6 &"["& J6 &"]는 환자["&AJ6&"]의 "&I6&"["&AK6&"]에 존재하여야 한다." -> 환자정보[PERSON]의 CDM 환자ID[PERSON_ID]는 환자[PROCEDURE_OCCURRENCE]의 CDM 환자ID[PERSON_ID]에 존재하여야 한다. | AP6: ="SELECT 'ID"& $U6 &"' AS RULE_ID, '"& $G6 &"' AS TB_NM, '"& $J6 &"' AS COL_NM, COUNT(*) AS TOT_CNT FROM "&$C6&"."& $G6 &" WHERE "& $J6 &" IS NOT NULL AND LENGTH("& $J6 &")>0 " -> SELECT 'ID1004' AS RULE_ID, 'PERSON' AS TB_NM, 'PERSON_ID' AS COL_NM, COUNT(*) AS TOT_CNT FROM YourSchemaName.PERSON WHERE PERSON_ID IS NOT NULL AND LENGTH(PERSON_ID)>0 | AQ6: UNION ALL | AR6: ="WITH query_result AS (" & CHAR(10) & " -- 쿼리 결과를 변수에 저장" & CHAR(10) & " " & AP6 & CHAR(10) & " )" & CHAR(10) & " SELECT" & CHAR(10) & " RULE_ID, TB_NM, COL_NM, TOT_CNT" & CHAR(10) & " INTO" & CHAR(10) & " RULE_ID_VAL, TB_NM_VAL, COL_NM_VAL, TOT_CNT_VAL" & CHAR(10) & " FROM query_result;" & CHAR(10) & " -- 결과를 테이블에 삽입" & CHAR(10) & " INSERT INTO result_quality_check (RULE_ID, TB_NM, COL_NM, TOT_CNT)" & CHAR(10) & " VALUES (RULE_ID_VAL, TB_NM_VAL, COL_NM_VAL, TOT_CNT_VAL);" & CHAR(10) & " COMMIT;" & CHAR(10) -> WITH query_result AS ( -- 쿼리 결과를 변수에 저장 SELECT 'ID1004' AS RULE_ID, 'PERSON' AS TB_NM, 'PERSON_ID' AS COL_NM, COUNT(*) AS TOT_CNT FROM YourSchemaName.PERSON WHERE PERSON_ID IS NOT NULL AND LENGTH(PERSON_ID)>0 ) SELECT RULE_ID, TB_NM, COL_NM, TOT_CNT INTO RULE_ID_VAL, TB_NM_VAL, COL_NM_VAL, TOT_CNT_VAL FROM query_result; -- 결과를 테이블에 삽입 INSERT INTO result_quality_check (RULE_ID, TB_NM, COL_NM, TOT_CNT) VALUES (RULE_ID_VAL, TB_NM_VAL, COL_NM_VAL, TOT_CNT_VAL); COMMIT; | AS6: ="SELECT 'ID"& $U6 &"' AS RULE_ID, '"& $G6 &"' AS TB_NM, '"& $J6 &"' AS COL_NM, COUNT(*) AS ERR_CNT FROM "&$C6&"."& $AJ6 &" A WHERE CASE WHEN NOT EXISTS (SELECT 1 FROM "&$C6&"."& $G6 &" B WHERE B."&$AK6&" = A."& $J6 &" ) THEN 'Y' ELSE 'N' END = 'Y' AND ( "& $J6 &" IS NOT NULL AND LENGTH(CAST("& $J6 &" AS VARCHAR))>0 ) " -> SELECT 'ID1004' AS RULE_ID, 'PERSON' AS TB_NM, 'PERSON_ID' AS COL_NM, COUNT(*) AS ERR_CNT FROM YourSchemaName.PROCEDURE_OCCURRENCE A WHERE CASE WHEN NOT EXISTS (SELECT 1 FROM YourSchemaName.PERSON B WHERE B.PERSON_ID = A.PERSON_ID ) THEN 'Y' ELSE 'N' END = 'Y' AND ( PERSON_ID IS NOT NULL AND LENGTH(CAST(PERSON_ID AS VARCHAR))>0 ) | AT6: UNION ALL | AU6: =" WITH query_result AS (" & CHAR(10) & " -- 쿼리 결과를 변수에 저장" & CHAR(10) & " " & AS6 & CHAR(10) & " )" & CHAR(10) & " SELECT" & CHAR(10) & " RULE_ID, TB_NM, COL_NM, ERR_CNT" & CHAR(10) & " INTO" & CHAR(10) & " RULE_ID_VAL, TB_NM_VAL, COL_NM_VAL, ERR_CNT_VAL" & CHAR(10) & " FROM query_result;" & CHAR(10) & " -- 결과를 테이블에 삽입" & CHAR(10) & " UPDATE result_quality_check SET ERR_CNT = ERR_CNT_VAL WHERE RULE_ID = RULE_ID_VAL;" & CHAR(10) & " COMMIT;" & CHAR(10) -> WITH query_result AS ( -- 쿼리 결과를 변수에 저장 SELECT 'ID1004' AS RULE_ID, 'PERSON' AS TB_NM, 'PERSON_ID' AS COL_NM, COUNT(*) AS ERR_CNT FROM YourSchemaName.PROCEDURE_OCCURRENCE A WHERE CASE WHEN NOT EXISTS (SELECT 1 FROM YourSchemaName.PERSON B WHERE B.PERSON_ID = A.PERSON_ID ) THEN 'Y' ELSE 'N' END = 'Y' AND ( PERSON_ID IS NOT NULL AND LENGTH(CAST(PERSON_ID AS VARCHAR))>0 ) ) SELECT RULE_ID, TB_NM, COL_NM, ERR_CNT INTO RULE_ID_VAL, TB_NM_VAL, COL_NM_VAL, ERR_CNT_VAL FROM query_result; -- 결과를 테이블에 삽입 UPDATE result_quality_check SET ERR_CNT = ERR_CNT_VAL WHERE RULE_ID = RULE_ID_VAL; COMMIT; | AV6: ="SELECT ERR_VALUE, RULE_ID, TB_NM, COL_NM FROM ( SELECT DISTINCT SUBSTRING(CAST("& $J6 &" AS VARCHAR),1,30) AS ERR_VALUE, 'ID"& $U6 &"' AS RULE_ID, '"& $G6 &"' AS TB_NM, '"& $J6 &"' AS COL_NM FROM "&$C6&"."& $AJ6 &" A WHERE CASE WHEN NOT EXISTS (SELECT 1 FROM "&$C6&"."& $G6 &" B WHERE B."& $AK6 &" = A."& $J6 &") THEN 'Y' ELSE 'N' END = 'Y' AND ( "& $J6 &" IS NOT NULL AND LENGTH(CAST("& $J6 &" AS VARCHAR))>0 ) LIMIT 3 ) XX " -> SELECT ERR_VALUE, RULE_ID, TB_NM, COL_NM FROM ( SELECT DISTINCT SUBSTRING(CAST(PERSON_ID AS VARCHAR),1,30) AS ERR_VALUE, 'ID1004' AS RULE_ID, 'PERSON' AS TB_NM, 'PERSON_ID' AS COL_NM FROM YourSchemaName.PROCEDURE_OCCURRENCE A WHERE CASE WHEN NOT EXISTS (SELECT 1 FROM YourSchemaName.PERSON B WHERE B.PERSON_ID = A.PERSON_ID) THEN 'Y' ELSE 'N' END = 'Y' AND ( PERSON_ID IS NOT NULL AND LENGTH(CAST(PERSON_ID AS VARCHAR))>0 ) LIMIT 3 ) XX | AW6: UNION ALL | AX6: =" WITH query_result AS (" & CHAR(10) & " -- 쿼리 결과를 변수에 저장" & CHAR(10) & " " & AV6 & CHAR(10) & " )" & CHAR(10) & " SELECT" & CHAR(10) & " RULE_ID, TB_NM, COL_NM, ERR_VALUE" & CHAR(10) & " INTO" & CHAR(10) & " RULE_ID_VAL, TB_NM_VAL, COL_NM_VAL, ERR_VALUE_VAL" & CHAR(10) & " FROM query_result;" & CHAR(10) & " -- 결과를 테이블에 삽입" & CHAR(10) & " UPDATE result_quality_check SET ERR_VALUE = ERR_VALUE_VAL WHERE RULE_ID = RULE_ID_VAL;" & CHAR(10) & " COMMIT;" & CHAR(10) -> WITH query_result AS ( -- 쿼리 결과를 변수에 저장 SELECT ERR_VALUE, RULE_ID, TB_NM, COL_NM FROM ( SELECT DISTINCT SUBSTRING(CAST(PERSON_ID AS VARCHAR),1,30) AS ERR_VALUE, 'ID1004' AS RULE_ID, 'PERSON' AS TB_NM, 'PERSON_ID' AS COL_NM FROM YourSchemaName.PROCEDURE_OCCURRENCE A WHERE CASE WHEN NOT EXISTS (SELECT 1 FROM YourSchemaName.PERSON B WHERE B.PERSON_ID = A.PERSON_ID) THEN 'Y' ELSE 'N' END = 'Y' AND ( PERSON_ID IS NOT NULL AND LENGTH(CAST(PERSON_ID AS VARCHAR))>0 ) LIMIT 3 ) XX ) SELECT RULE_ID, TB_NM, COL_NM, ERR_VALUE INTO RULE_ID_VAL, TB_NM_VAL, COL_NM_VAL, ERR_VALUE_VAL FROM query_result; -- 결과를 테이블에 삽입 UPDATE result_quality_check SET ERR_VALUE = ERR_VALUE_VAL WHERE RULE_ID = RULE_ID_VAL; COMMIT; | AY6: ="SELECT 'ID"& $U6 &"' AS RULE_ID, '"& $G6 &"' AS TB_NM, '"& $J6 &"' AS COL_NM, COUNT(*) AS TOT_CNT FROM "&$C6&"."& $G6 &" WHERE "& $J6 &" IS NOT NULL AND DATALENGTH("& $J6 &")>0 " -> SELECT 'ID1004' AS RULE_ID, 'PERSON' AS TB_NM, 'PERSON_ID' AS COL_NM, COUNT(*) AS TOT_CNT FROM YourSchemaName.PERSON WHERE PERSON_ID IS NOT NULL AND DATALENGTH(PERSON_ID)>0 | AZ6: UNION ALL | BA6: ="BEGIN TRY" & CHAR(10) & " WITH query_result AS (" & CHAR(10) & " "&AY6& CHAR(10) & " )" & CHAR(10) & " SELECT" & CHAR(10) & " @RULE_ID_VAL = RULE_ID," & CHAR(10) & " @TB_NM_VAL = TB_NM," & CHAR(10) & " @COL_NM_VAL = COL_NM," & CHAR(10) & " @TOT_CNT_VAL = TOT_CNT" & CHAR(10) & " FROM query_result;" & CHAR(10) & " -- 결과를 테이블에 삽입" & CHAR(10) & " INSERT INTO dbo.result_quality_check (RULE_ID, TB_NM, COL_NM, TOT_CNT)" & CHAR(10) & " VALUES (@RULE_ID_VAL, @TB_NM_VAL, @COL_NM_VAL, @TOT_CNT_VAL);" & CHAR(10) & "END TRY" & CHAR(10) & "BEGIN CATCH" & CHAR(10) & " -- 오류 발생 시 에러 로그에 기록" & CHAR(10) & " INSERT INTO dbo.quality_check_error_log (CHK_ID, ERROR_MESSAGE)" & CHAR(10) & " VALUES (@RULE_ID_VAL, ERROR_MESSAGE());" & CHAR(10) & "END CATCH;" & CHAR(10) & " COMMIT;" & CHAR(10) -> BEGIN TRY WITH query_result AS ( SELECT 'ID1004' AS RULE_ID, 'PERSON' AS TB_NM, 'PERSON_ID' AS COL_NM, COUNT(*) AS TOT_CNT FROM YourSchemaName.PERSON WHERE PERSON_ID IS NOT NULL AND DATALENGTH(PERSON_ID)>0 ) SELECT @RULE_ID_VAL = RULE_ID, @TB_NM_VAL = TB_NM, @COL_NM_VAL = COL_NM, @TOT_CNT_VAL = TOT_CNT FROM query_result; -- 결과를 테이블에 삽입 INSERT INTO dbo.result_quality_check (RULE_ID, TB_NM, COL_NM, TOT_CNT) VALUES (@RULE_ID_VAL, @TB_NM_VAL, @COL_NM_VAL, @TOT_CNT_VAL); END TRY BEGIN CATCH -- 오류 발생 시 에러 로그에 기록 INSERT INTO dbo.quality_check_error_log (CHK_ID, ERROR_MESSAGE) VALUES (@RULE_ID_VAL, ERROR_MESSAGE()); END CATCH; COMMIT; | BB6: ="SELECT 'ID"& $U6 &"' AS RULE_ID, '"& $G6 &"' AS TB_NM, '"& $J6 &"' AS COL_NM, COUNT(*) AS ERR_CNT FROM "&$C6&"."& $AJ6 &" A WHERE CASE WHEN NOT EXISTS (SELECT 1 FROM "&$C6&"."& $G6 &" B WHERE B."&$AK6&" = A."& $J6 &" ) THEN 'Y' ELSE 'N' END = 'Y' AND ( "& $J6 &" IS NOT NULL AND DATALENGTH(CAST("& $J6 &" AS VARCHAR))>0 ) " -> SELECT 'ID1004' AS RULE_ID, 'PERSON' AS TB_NM, 'PERSON_ID' AS COL_NM, COUNT(*) AS ERR_CNT FROM YourSchemaName.PROCEDURE_OCCURRENCE A WHERE CASE WHEN NOT EXISTS (SELECT 1 FROM YourSchemaName.PERSON B WHERE B.PERSON_ID = A.PERSON_ID ) THEN 'Y' ELSE 'N' END = 'Y' AND ( PERSON_ID IS NOT NULL AND DATALENGTH(CAST(PERSON_ID AS VARCHAR))>0 ) | BC6: UNION ALL | BD6: ="BEGIN TRY" & CHAR(10) & " WITH query_result AS (" & CHAR(10) & " "&BB6& CHAR(10) & " )" & CHAR(10) & " SELECT" & CHAR(10) & " @RULE_ID_VAL = RULE_ID," & CHAR(10) & " @TB_NM_VAL = TB_NM," & CHAR(10) & " @COL_NM_VAL = COL_NM," & CHAR(10) & " @ERR_CNT_VAL = ERR_CNT" & CHAR(10) & " FROM query_result;" & CHAR(10) & " -- 결과를 테이블에 삽입" & CHAR(10) & " UPDATE dbo.result_quality_check SET ERR_CNT = @ERR_CNT_VAL WHERE RULE_ID = @RULE_ID_VAL;" & CHAR(10) &"END TRY" & CHAR(10) & "BEGIN CATCH" & CHAR(10) & " -- 오류 발생 시 에러 로그에 기록" & CHAR(10) & " INSERT INTO dbo.quality_check_error_log (CHK_ID, ERROR_MESSAGE)" & CHAR(10) & " VALUES (@RULE_ID_VAL, ERROR_MESSAGE());" & CHAR(10) & "END CATCH;" & CHAR(10) & " COMMIT; " & CHAR(10) -> BEGIN TRY WITH query_result AS ( SELECT 'ID1004' AS RULE_ID, 'PERSON' AS TB_NM, 'PERSON_ID' AS COL_NM, COUNT(*) AS ERR_CNT FROM YourSchemaName.PROCEDURE_OCCURRENCE A WHERE CASE WHEN NOT EXISTS (SELECT 1 FROM YourSchemaName.PERSON B WHERE B.PERSON_ID = A.PERSON_ID ) THEN 'Y' ELSE 'N' END = 'Y' AND ( PERSON_ID IS NOT NULL AND DATALENGTH(CAST(PERSON_ID AS VARCHAR))>0 ) ) SELECT @RULE_ID_VAL = RULE_ID, @TB_NM_VAL = TB_NM, @COL_NM_VAL = COL_NM, @ERR_CNT_VAL = ERR_CNT FROM query_result; -- 결과를 테이블에 삽입 UPDATE dbo.result_quality_check SET ERR_CNT = @ERR_CNT_VAL WHERE RULE_ID = @RULE_ID_VAL; END TRY BEGIN CATCH -- 오류 발생 시 에러 로그에 기록 INSERT INTO dbo.quality_check_error_log (CHK_ID, ERROR_MESSAGE) VALUES (@RULE_ID_VAL, ERROR_MESSAGE()); END CATCH; COMMIT; | BE6: ="SELECT TOP 3 ERR_VALUE, RULE_ID, TB_NM, COL_NM FROM ( SELECT DISTINCT SUBSTRING(CAST("& $J6 &" AS VARCHAR),1,30) AS ERR_VALUE, 'ID"& $U6 &"' AS RULE_ID, '"& $G6 &"' AS TB_NM, '"& $J6 &"' AS COL_NM FROM "&$C6&"."& $AJ6 &" A WHERE CASE WHEN NOT EXISTS (SELECT 1 FROM "&$C6&"."& $G6 &" B WHERE B."& $AK6 &" = A."& $J6 &") THEN 'Y' ELSE 'N' END = 'Y' AND ( "& $J6 &" IS NOT NULL AND DATALENGTH(CAST("& $J6 &" AS VARCHAR))>0 ) ) XX " -> SELECT TOP 3 ERR_VALUE, RULE_ID, TB_NM, COL_NM FROM ( SELECT DISTINCT SUBSTRING(CAST(PERSON_ID AS VARCHAR),1,30) AS ERR_VALUE, 'ID1004' AS RULE_ID, 'PERSON' AS TB_NM, 'PERSON_ID' AS COL_NM FROM YourSchemaName.PROCEDURE_OCCURRENCE A WHERE CASE WHEN NOT EXISTS (SELECT 1 FROM YourSchemaName.PERSON B WHERE B.PERSON_ID = A.PERSON_ID) THEN 'Y' ELSE 'N' END = 'Y' AND ( PERSON_ID IS NOT NULL AND DATALENGTH(CAST(PERSON_ID AS VARCHAR))>0 ) ) XX | BF6: UNION ALL | BG6: ="BEGIN TRY" & CHAR(10) & " WITH query_result AS (" & CHAR(10) & " "&BE6& CHAR(10) & " )" & CHAR(10) & " SELECT" & CHAR(10) & " @RULE_ID_VAL = RULE_ID," & CHAR(10) & " @TB_NM_VAL = TB_NM," & CHAR(10) & " @COL_NM_VAL = COL_NM," & CHAR(10) & " @ERR_VALUE_VAL = ERR_VALUE" & CHAR(10) & " FROM query_result;" & CHAR(10) & " -- 결과를 테이블에 삽입" & CHAR(10) & " UPDATE dbo.result_quality_check SET ERR_VALUE = @ERR_VALUE_VAL WHERE RULE_ID = @RULE_ID_VAL;" & CHAR(10) &"END TRY" & CHAR(10) & "BEGIN CATCH" & CHAR(10) & " -- 오류 발생 시 에러 로그에 기록" & CHAR(10) & " INSERT INTO dbo.quality_check_error_log (CHK_ID, ERROR_MESSAGE)" & CHAR(10) & " VALUES (@RULE_ID_VAL, ERROR_MESSAGE());" & CHAR(10) & "END CATCH;" & CHAR(10) & "COMMIT;" & CHAR(10) -> BEGIN TRY WITH query_result AS ( SELECT TOP 3 ERR_VALUE, RULE_ID, TB_NM, COL_NM FROM ( SELECT DISTINCT SUBSTRING(CAST(PERSON_ID AS VARCHAR),1,30) AS ERR_VALUE, 'ID1004' AS RULE_ID, 'PERSON' AS TB_NM, 'PERSON_ID' AS COL_NM FROM YourSchemaName.PROCEDURE_OCCURRENCE A WHERE CASE WHEN NOT EXISTS (SELECT 1 FROM YourSchemaName.PERSON B WHERE B.PERSON_ID = A.PERSON_ID) THEN 'Y' ELSE 'N' END = 'Y' AND ( PERSON_ID IS NOT NULL AND DATALENGTH(CAST(PERSON_ID AS VARCHAR))>0 ) ) XX ) SELECT @RULE_ID_VAL = RULE_ID, @TB_NM_VAL = TB_NM, @COL_NM_VAL = COL_NM, @ERR_VALUE_VAL = ERR_VALUE FROM query_result; -- 결과를 테이블에 삽입 UPDATE dbo.result_quality_check SET ERR_VALUE = @ERR_VALUE_VAL WHERE RULE_ID = @RULE_ID_VAL; END TRY BEGIN CATCH -- 오류 발생 시 에러 로그에 기록 INSERT INTO dbo.quality_check_error_log (CHK_ID, ERROR_MESSAGE) VALUES (@RULE_ID_VAL, ERROR_MESSAGE()); END CATCH; COMMIT; | BH6: ="SELECT 'ID"& $U6 &"' AS RULE_ID, '"& $G6 &"' AS TB_NM, '"& $J6 &"' AS COL_NM, COUNT(*) AS TOT_CNT FROM "&$C6&"."& $G6 &" WHERE "& $J6 &" IS NOT NULL AND LENGTH(CAST("& $J6 &" AS VARCHAR))>0 " -> SELECT 'ID1004' AS RULE_ID, 'PERSON' AS TB_NM, 'PERSON_ID' AS COL_NM, COUNT(*) AS TOT_CNT FROM YourSchemaName.PERSON WHERE PERSON_ID IS NOT NULL AND LENGTH(CAST(PERSON_ID AS VARCHAR))>0 | BI6: UNION ALL | BJ6: ="BEGIN" & CHAR(10) & " -- 쿼리 결과를 변수에 저장" & CHAR(10) & " " & BH6 & " INTO RULE_ID_VAL, TB_NM_VAL, COL_NM_VAL, TOT_CNT_VAL;" & CHAR(10) & " -- 결과를 테이블에 삽입" & CHAR(10) & " INSERT INTO result_quality_check (RULE_ID, TB_NM, COL_NM, TOT_CNT)" & CHAR(10) & " VALUES (RULE_ID_VAL, TB_NM_VAL, COL_NM_VAL, TOT_CNT_VAL);" & CHAR(10) & "EXCEPTION WHEN OTHERS THEN" & CHAR(10) & " -- 오류 발생 시 에러 로그에 기록" & CHAR(10) & " INSERT INTO quality_check_error_log(CHK_ID, error_message)" & CHAR(10) & " VALUES (RULE_ID_VAL, SQLERRM);" & CHAR(10) & "END; " & " COMMIT;" & CHAR(10) -> BEGIN -- 쿼리 결과를 변수에 저장 SELECT 'ID1004' AS RULE_ID, 'PERSON' AS TB_NM, 'PERSON_ID' AS COL_NM, COUNT(*) AS TOT_CNT FROM YourSchemaName.PERSON WHERE PERSON_ID IS NOT NULL AND LENGTH(CAST(PERSON_ID AS VARCHAR))>0 INTO RULE_ID_VAL, TB_NM_VAL, COL_NM_VAL, TOT_CNT_VAL; -- 결과를 테이블에 삽입 INSERT INTO result_quality_check (RULE_ID, TB_NM, COL_NM, TOT_CNT) VALUES (RULE_ID_VAL, TB_NM_VAL, COL_NM_VAL, TOT_CNT_VAL); EXCEPTION WHEN OTHERS THEN -- 오류 발생 시 에러 로그에 기록 INSERT INTO quality_check_error_log(CHK_ID, error_message) VALUES (RULE_ID_VAL, SQLERRM); END; COMMIT; | BK6: ="SELECT 'ID"& $U6 &"' AS RULE_ID, '"& $G6 &"' AS TB_NM, '"& $J6 &"' AS COL_NM, COUNT(*) AS ERR_CNT FROM "&$C6&"."& $AJ6 &" A WHERE CASE WHEN NOT EXISTS (SELECT 1 FROM "&$C6&"."& $G6 &" B WHERE B."&$AK6&" = A."& $J6 &" ) THEN 'Y' ELSE 'N' END = 'Y' AND ( "& $J6 &" IS NOT NULL AND LENGTH(CAST("& $J6 &" AS VARCHAR))>0 ) " -> SELECT 'ID1004' AS RULE_ID, 'PERSON' AS TB_NM, 'PERSON_ID' AS COL_NM, COUNT(*) AS ERR_CNT FROM YourSchemaName.PROCEDURE_OCCURRENCE A WHERE CASE WHEN NOT EXISTS (SELECT 1 FROM YourSchemaName.PERSON B WHERE B.PERSON_ID = A.PERSON_ID ) THEN 'Y' ELSE 'N' END = 'Y' AND ( PERSON_ID IS NOT NULL AND LENGTH(CAST(PERSON_ID AS VARCHAR))>0 ) | BL6: UNION ALL | BM6: ="BEGIN" & CHAR(10) & " -- 쿼리 결과를 변수에 저장" & CHAR(10) & " " & BK6 & " INTO RULE_ID_VAL, TB_NM_VAL, COL_NM_VAL, ERR_CNT_VAL;" & CHAR(10) & " -- 결과를 테이블에 삽입" & CHAR(10) & " UPDATE result_quality_check SET err_cnt = ERR_CNT_VAL WHERE rule_id = RULE_ID_VAL;" & CHAR(10) & "EXCEPTION WHEN OTHERS THEN" & CHAR(10) & " -- 오류 발생 시 에러 로그에 기록" & CHAR(10) & " INSERT INTO quality_check_error_log(CHK_ID, error_message)" & CHAR(10) & " VALUES (RULE_ID_VAL, SQLERRM);" & CHAR(10) & "END;" & CHAR(10) & " COMMIT;" & CHAR(10) -> BEGIN -- 쿼리 결과를 변수에 저장 SELECT 'ID1004' AS RULE_ID, 'PERSON' AS TB_NM, 'PERSON_ID' AS COL_NM, COUNT(*) AS ERR_CNT FROM YourSchemaName.PROCEDURE_OCCURRENCE A WHERE CASE WHEN NOT EXISTS (SELECT 1 FROM YourSchemaName.PERSON B WHERE B.PERSON_ID = A.PERSON_ID ) THEN 'Y' ELSE 'N' END = 'Y' AND ( PERSON_ID IS NOT NULL AND LENGTH(CAST(PERSON_ID AS VARCHAR))>0 ) INTO RULE_ID_VAL, TB_NM_VAL, COL_NM_VAL, ERR_CNT_VAL; -- 결과를 테이블에 삽입 UPDATE result_quality_check SET err_cnt = ERR_CNT_VAL WHERE rule_id = RULE_ID_VAL; EXCEPTION WHEN OTHERS THEN -- 오류 발생 시 에러 로그에 기록 INSERT INTO quality_check_error_log(CHK_ID, error_message) VALUES (RULE_ID_VAL, SQLERRM); END; COMMIT; | BN6: ="SELECT ERR_VALUE, RULE_ID, TB_NM, COL_NM FROM ( SELECT DISTINCT SUBSTRING(CAST("& $J6 &" AS VARCHAR),1,30) AS ERR_VALUE, 'ID"& $U6 &"' AS RULE_ID, '"& $G6 &"' AS TB_NM, '"& $J6 &"' AS COL_NM FROM "&$C6&"."& $AJ6 &" A WHERE CASE WHEN NOT EXISTS (SELECT 1 FROM "&$C6&"."& $G6 &" B WHERE B."& $AK6 &" = A."& $J6 &") THEN 'Y' ELSE 'N' END = 'Y' AND ( "& $J6 &" IS NOT NULL AND LENGTH(CAST("& $J6 &" AS VARCHAR))>0 ) LIMIT 3 ) XX " -> SELECT ERR_VALUE, RULE_ID, TB_NM, COL_NM FROM ( SELECT DISTINCT SUBSTRING(CAST(PERSON_ID AS VARCHAR),1,30) AS ERR_VALUE, 'ID1004' AS RULE_ID, 'PERSON' AS TB_NM, 'PERSON_ID' AS COL_NM FROM YourSchemaName.PROCEDURE_OCCURRENCE A WHERE CASE WHEN NOT EXISTS (SELECT 1 FROM YourSchemaName.PERSON B WHERE B.PERSON_ID = A.PERSON_ID) THEN 'Y' ELSE 'N' END = 'Y' AND ( PERSON_ID IS NOT NULL AND LENGTH(CAST(PERSON_ID AS VARCHAR))>0 ) LIMIT 3 ) XX | BO6: UNION ALL | BP6: ="BEGIN" & CHAR(10) & " -- 쿼리 결과를 변수에 저장" & CHAR(10) & " " & BN6 & " INTO ERR_VALUE_VAL, RULE_ID_VAL, TB_NM_VAL, COL_NM_VAL;" & CHAR(10) & " -- 결과를 테이블에 삽입" & CHAR(10) & " UPDATE result_quality_check SET err_value = ERR_VALUE_VAL WHERE rule_id = RULE_ID_VAL;" & CHAR(10) & "EXCEPTION WHEN OTHERS THEN" & CHAR(10) & " -- 오류 발생 시 에러 로그에 기록" & CHAR(10) & " INSERT INTO quality_check_error_log(CHK_ID, error_message)" & CHAR(10) & " VALUES (RULE_ID_VAL, SQLERRM);" & CHAR(10) & "END;" & CHAR(10) & " COMMIT;" & CHAR(10) -> BEGIN -- 쿼리 결과를 변수에 저장 SELECT ERR_VALUE, RULE_ID, TB_NM, COL_NM FROM ( SELECT DISTINCT SUBSTRING(CAST(PERSON_ID AS VARCHAR),1,30) AS ERR_VALUE, 'ID1004' AS RULE_ID, 'PERSON' AS TB_NM, 'PERSON_ID' AS COL_NM FROM YourSchemaName.PROCEDURE_OCCURRENCE A WHERE CASE WHEN NOT EXISTS (SELECT 1 FROM YourSchemaName.PERSON B WHERE B.PERSON_ID = A.PERSON_ID) THEN 'Y' ELSE 'N' END = 'Y' AND ( PERSON_ID IS NOT NULL AND LENGTH(CAST(PERSON_ID AS VARCHAR))>0 ) LIMIT 3 ) XX INTO ERR_VALUE_VAL, RULE_ID_VAL, TB_NM_VAL, COL_NM_VAL; -- 결과를 테이블에 삽입 UPDATE result_quality_check SET err_value = ERR_VALUE_VAL WHERE rule_id = RULE_ID_VAL; EXCEPTION WHEN OTHERS THEN -- 오류 발생 시 에러 로그에 기록 INSERT INTO quality_check_error_log(CHK_ID, error_message) VALUES (RULE_ID_VAL, SQLERRM); END; COMMIT; | BQ6: ="SELECT 'ID"& $U6 &"' AS RULE_ID, '"& $G6 &"' AS TB_NM, '"& $J6 &"' AS COL_NM, COUNT(*) AS TOT_CNT FROM "&$C6&"."& $G6 &" WHERE "& $J6 &" IS NOT NULL AND LENGTH("& $J6 &")>0 " -> SELECT 'ID1004' AS RULE_ID, 'PERSON' AS TB_NM, 'PERSON_ID' AS COL_NM, COUNT(*) AS TOT_CNT FROM YourSchemaName.PERSON WHERE PERSON_ID IS NOT NULL AND LENGTH(PERSON_ID)>0 | BR6: UNION ALL | BS6: ="BEGIN"&CHAR(10)& " -- 오류 발생 시 에러 로그에 기록"&CHAR(10)& " DECLARE CONTINUE HANDLER FOR SQLEXCEPTION"&CHAR(10)& " BEGIN"&CHAR(10)& " INSERT INTO quality_check_error_log (CHK_ID, ERROR_MESSAGE)"&CHAR(10)& " VALUES (RULE_ID_VAL, ERROR_MESSAGE());"&CHAR(10)& " END;"&CHAR(10)&CHAR(10)& " -- 쿼리 결과를 변수에 저장"&CHAR(10)& " "&BQ6&CHAR(10)& " INTO RULE_ID_VAL, TB_NM_VAL, COL_NM_VAL, TOT_CNT_VAL;"&CHAR(10)&CHAR(10)& " -- 결과를 테이블에 삽입"&CHAR(10)& " INSERT INTO result_quality_check (RULE_ID, TB_NM, COL_NM, TOT_CNT)"&CHAR(10)& " VALUES (RULE_ID_VAL, TB_NM_VAL, COL_NM_VAL, TOT_CNT_VAL);"&CHAR(10)& "END;"&CHAR(10) & "COMMIT;" & CHAR(10) -> BEGIN -- 오류 발생 시 에러 로그에 기록 DECLARE CONTINUE HANDLER FOR SQLEXCEPTION BEGIN INSERT INTO quality_check_error_log (CHK_ID, ERROR_MESSAGE) VALUES (RULE_ID_VAL, ERROR_MESSAGE()); END; -- 쿼리 결과를 변수에 저장 SELECT 'ID1004' AS RULE_ID, 'PERSON' AS TB_NM, 'PERSON_ID' AS COL_NM, COUNT(*) AS TOT_CNT FROM YourSchemaName.PERSON WHERE PERSON_ID IS NOT NULL AND LENGTH(PERSON_ID)>0 INTO RULE_ID_VAL, TB_NM_VAL, COL_NM_VAL, TOT_CNT_VAL; -- 결과를 테이블에 삽입 INSERT INTO result_quality_check (RULE_ID, TB_NM, COL_NM, TOT_CNT) VALUES (RULE_ID_VAL, TB_NM_VAL, COL_NM_VAL, TOT_CNT_VAL); END; COMMIT; | BT6: ="SELECT 'ID"& $U6 &"' AS RULE_ID, '"& $G6 &"' AS TB_NM, '"& $J6 &"' AS COL_NM, COUNT(*) AS ERR_CNT FROM "&$C6&"."& $AJ6 &" A WHERE CASE WHEN NOT EXISTS (SELECT 1 FROM "&$C6&"."& $G6 &" B WHERE B."&$AK6&" = A."& $J6 &" ) THEN 'Y' ELSE 'N' END = 'Y' AND ( "& $J6 &" IS NOT NULL AND LENGTH("& $J6 &")>0 ) " -> SELECT 'ID1004' AS RULE_ID, 'PERSON' AS TB_NM, 'PERSON_ID' AS COL_NM, COUNT(*) AS ERR_CNT FROM YourSchemaName.PROCEDURE_OCCURRENCE A WHERE CASE WHEN NOT EXISTS (SELECT 1 FROM YourSchemaName.PERSON B WHERE B.PERSON_ID = A.PERSON_ID ) THEN 'Y' ELSE 'N' END = 'Y' AND ( PERSON_ID IS NOT NULL AND LENGTH(PERSON_ID)>0 ) | BU6: UNION ALL | BV6: ="BEGIN" & CHAR(10) & " -- 오류 발생 시 에러 로그에 기록" & CHAR(10) & " DECLARE CONTINUE HANDLER FOR SQLEXCEPTION" & CHAR(10) & " BEGIN" & CHAR(10) & " INSERT INTO quality_check_error_log (CHK_ID, ERROR_MESSAGE)" & CHAR(10) & " VALUES (RULE_ID_VAL, ERROR_MESSAGE());" & CHAR(10) & " END;" & CHAR(10) & "" & CHAR(10) & " -- 쿼리 결과를 변수에 저장" & CHAR(10) & " "&BT6& CHAR(10) & " INTO RULE_ID_VAL, TB_NM_VAL, COL_NM_VAL, ERR_CNT_VAL;" & CHAR(10) & "" & CHAR(10) & " -- 결과를 테이블에 삽입" & CHAR(10) & " update result_quality_check set ERR_CNT = ERR_CNT_VAL where RULE_ID = RULE_ID_VAL;" & CHAR(10) & "END;" & CHAR(10) & "COMMIT;" & CHAR(10) -> BEGIN -- 오류 발생 시 에러 로그에 기록 DECLARE CONTINUE HANDLER FOR SQLEXCEPTION BEGIN INSERT INTO quality_check_error_log (CHK_ID, ERROR_MESSAGE) VALUES (RULE_ID_VAL, ERROR_MESSAGE()); END; -- 쿼리 결과를 변수에 저장 SELECT 'ID1004' AS RULE_ID, 'PERSON' AS TB_NM, 'PERSON_ID' AS COL_NM, COUNT(*) AS ERR_CNT FROM YourSchemaName.PROCEDURE_OCCURRENCE A WHERE CASE WHEN NOT EXISTS (SELECT 1 FROM YourSchemaName.PERSON B WHERE B.PERSON_ID = A.PERSON_ID ) THEN 'Y' ELSE 'N' END = 'Y' AND ( PERSON_ID IS NOT NULL AND LENGTH(PERSON_ID)>0 ) INTO RULE_ID_VAL, TB_NM_VAL, COL_NM_VAL, ERR_CNT_VAL; -- 결과를 테이블에 삽입 update result_quality_check set ERR_CNT = ERR_CNT_VAL where RULE_ID = RULE_ID_VAL; END; COMMIT; | BW6: ="SELECT ERR_VALUE, RULE_ID, TB_NM, COL_NM FROM ( SELECT DISTINCT SUBSTRING(CAST("& $J6 &" AS VARCHAR(50)),1,30) AS ERR_VALUE, 'ID"& $U6 &"' AS RULE_ID, '"& $G6 &"' AS TB_NM, '"& $J6 &"' AS COL_NM FROM "&$C6&"."& $AJ6 &" A WHERE CASE WHEN NOT EXISTS (SELECT 1 FROM "&$C6&"."& $G6 &" B WHERE B."& $AK6 &" = A."& $J6 &") THEN 'Y' ELSE 'N' END = 'Y' AND ( "& $J6 &" IS NOT NULL AND LENGTH("& $J6 &")>0 ) LIMIT 3 ) XX " -> SELECT ERR_VALUE, RULE_ID, TB_NM, COL_NM FROM ( SELECT DISTINCT SUBSTRING(CAST(PERSON_ID AS VARCHAR(50)),1,30) AS ERR_VALUE, 'ID1004' AS RULE_ID, 'PERSON' AS TB_NM, 'PERSON_ID' AS COL_NM FROM YourSchemaName.PROCEDURE_OCCURRENCE A WHERE CASE WHEN NOT EXISTS (SELECT 1 FROM YourSchemaName.PERSON B WHERE B.PERSON_ID = A.PERSON_ID) THEN 'Y' ELSE 'N' END = 'Y' AND ( PERSON_ID IS NOT NULL AND LENGTH(PERSON_ID)>0 ) LIMIT 3 ) XX | BX6: UNION ALL | BY6: ="BEGIN" & CHAR(10) & " -- 오류 발생 시 에러 로그에 기록" & CHAR(10) & " DECLARE CONTINUE HANDLER FOR SQLEXCEPTION" & CHAR(10) & " BEGIN" & CHAR(10) & " INSERT INTO quality_check_error_log (CHK_ID, ERROR_MESSAGE)" & CHAR(10) & " VALUES (RULE_ID_VAL, ERROR_MESSAGE());" & CHAR(10) & " END;" & CHAR(10) & "" & CHAR(10) & " -- 쿼리 결과를 변수에 저장" & CHAR(10) & " "&BW6& CHAR(10) & " INTO ERR_VALUE_VAL, RULE_ID_VAL, TB_NM_VAL, COL_NM_VAL;" & CHAR(10) & "" & CHAR(10) & " -- 결과를 테이블에 삽입" & CHAR(10) & " update result_quality_check set ERR_VALUE = ERR_VALUE_VAL where RULE_ID = RULE_ID_VAL;" & CHAR(10) & " END;" & CHAR(10) & " COMMIT;" & CHAR(10) -> BEGIN -- 오류 발생 시 에러 로그에 기록 DECLARE CONTINUE HANDLER FOR SQLEXCEPTION BEGIN INSERT INTO quality_check_error_log (CHK_ID, ERROR_MESSAGE) VALUES (RULE_ID_VAL, ERROR_MESSAGE()); END; -- 쿼리 결과를 변수에 저장 SELECT ERR_VALUE, RULE_ID, TB_NM, COL_NM FROM ( SELECT DISTINCT SUBSTRING(CAST(PERSON_ID AS VARCHAR(50)),1,30) AS ERR_VALUE, 'ID1004' AS RULE_ID, 'PERSON' AS TB_NM, 'PERSON_ID' AS COL_NM FROM YourSchemaName.PROCEDURE_OCCURRENCE A WHERE CASE WHEN NOT EXISTS (SELECT 1 FROM YourSchemaName.PERSON B WHERE B.PERSON_ID = A.PERSON_ID) THEN 'Y' ELSE 'N' END = 'Y' AND ( PERSON_ID IS NOT NULL AND LENGTH(PERSON_ID)>0 ) LIMIT 3 ) XX INTO ERR_VALUE_VAL, RULE_ID_VAL, TB_NM_VAL, COL_NM_VAL; -- 결과를 테이블에 삽입 update result_quality_check set ERR_VALUE = ERR_VALUE_VAL where RULE_ID = RULE_ID_VAL; END; COMMIT; | BZ6: ="SELECT 'ID"& $U6 &"' AS RULE_ID, '"& $G6 &"' AS TB_NM, '"& $J6 &"' AS COL_NM, COUNT(*) AS TOT_CNT FROM "&$C6&"."& $G6 &" WHERE "& $J6 &" IS NOT NULL AND LENGTH("& $J6 &")>0 " -> SELECT 'ID1004' AS RULE_ID, 'PERSON' AS TB_NM, 'PERSON_ID' AS COL_NM, COUNT(*) AS TOT_CNT FROM YourSchemaName.PERSON WHERE PERSON_ID IS NOT NULL AND LENGTH(PERSON_ID)>0 | CA6: UNION ALL | CB6: =" -- 프로시저 본문" & CHAR(10) & " BEGIN" & CHAR(10) & " WITH query_result AS (" & CHAR(10) & " -- 쿼리 결과를 변수에 저장" & CHAR(10) & " "&BZ6 & CHAR(10) & " )" & CHAR(10) & " SELECT" & CHAR(10) & " RULE_ID, TB_NM, COL_NM, TOT_CNT" & CHAR(10) & " INTO" & CHAR(10) & " RULE_ID_VAL, TB_NM_VAL, COL_NM_VAL, TOT_CNT_VAL" & CHAR(10) & " FROM query_result;" & CHAR(10) & "" & CHAR(10) & " -- 결과를 테이블에 삽입" & CHAR(10) & " INSERT INTO RESULT_QUALITY_CHECK (RULE_ID, TB_NM, COL_NM, TOT_CNT)" & CHAR(10) & " VALUES (RULE_ID_VAL, TB_NM_VAL, COL_NM_VAL, TOT_CNT_VAL);" & CHAR(10) & "" & CHAR(10) & " EXCEPTION" & CHAR(10) & " WHEN OTHERS THEN" & CHAR(10) & " INSERT INTO QUALITY_CHECK_ERROR_LOG (SEQ, CHK_ID, ERROR_MESSAGE)" & CHAR(10) & " VALUES (QUALITY_CHECK_SEQ.NEXTVAL, RULE_ID_VAL, 'An error has occurred.');" & CHAR(10) & " END;" & CHAR(10) & " COMMIT;" & CHAR(10) -> -- 프로시저 본문 BEGIN WITH query_result AS ( -- 쿼리 결과를 변수에 저장 SELECT 'ID1004' AS RULE_ID, 'PERSON' AS TB_NM, 'PERSON_ID' AS COL_NM, COUNT(*) AS TOT_CNT FROM YourSchemaName.PERSON WHERE PERSON_ID IS NOT NULL AND LENGTH(PERSON_ID)>0 ) SELECT RULE_ID, TB_NM, COL_NM, TOT_CNT INTO RULE_ID_VAL, TB_NM_VAL, COL_NM_VAL, TOT_CNT_VAL FROM query_result; -- 결과를 테이블에 삽입 INSERT INTO RESULT_QUALITY_CHECK (RULE_ID, TB_NM, COL_NM, TOT_CNT) VALUES (RULE_ID_VAL, TB_NM_VAL, COL_NM_VAL, TOT_CNT_VAL); EXCEPTION WHEN OTHERS THEN INSERT INTO QUALITY_CHECK_ERROR_LOG (SEQ, CHK_ID, ERROR_MESSAGE) VALUES (QUALITY_CHECK_SEQ.NEXTVAL, RULE_ID_VAL, 'An error has occurred.'); END; COMMIT; | CC6: ="SELECT 'ID"& $U6 &"' AS RULE_ID, '"& $G6 &"' AS TB_NM, '"& $J6 &"' AS COL_NM, COUNT(*) AS ERR_CNT FROM "&$C6&"."& $AJ6 &" A WHERE CASE WHEN NOT EXISTS (SELECT 1 FROM "&$C6&"."& $G6 &" B WHERE B."&$AK6&" = A."& $J6 &" ) THEN 'Y' ELSE 'N' END = 'Y' AND ( "& $J6 &" IS NOT NULL AND LENGTH(TO_CHAR("& $J6 &"))>0 ) " -> SELECT 'ID1004' AS RULE_ID, 'PERSON' AS TB_NM, 'PERSON_ID' AS COL_NM, COUNT(*) AS ERR_CNT FROM YourSchemaName.PROCEDURE_OCCURRENCE A WHERE CASE WHEN NOT EXISTS (SELECT 1 FROM YourSchemaName.PERSON B WHERE B.PERSON_ID = A.PERSON_ID ) THEN 'Y' ELSE 'N' END = 'Y' AND ( PERSON_ID IS NOT NULL AND LENGTH(TO_CHAR(PERSON_ID))>0 ) | CD6: UNION ALL | CE6: =" -- 프로시저 본문" & CHAR(10) & " BEGIN" & CHAR(10) & " WITH query_result AS (" & CHAR(10) & " -- 쿼리 결과를 변수에 저장" & CHAR(10) & " "&CC6 & CHAR(10) & " ) " & CHAR(10) & " SELECT" & CHAR(10) & " RULE_ID, TB_NM, COL_NM, ERR_CNT" & CHAR(10) & " INTO" & CHAR(10) & " RULE_ID_VAL, TB_NM_VAL, COL_NM_VAL, ERR_CNT_VAL" & CHAR(10) & " FROM query_result;" & CHAR(10) & " -- 결과를 테이블에 삽입" & CHAR(10) & " UPDATE RESULT_QUALITY_CHECK SET ERR_CNT = ERR_CNT_VAL WHERE RULE_ID = RULE_ID_VAL;" & CHAR(10) & " EXCEPTION" & CHAR(10) & " WHEN OTHERS THEN" & CHAR(10) & " INSERT INTO QUALITY_CHECK_ERROR_LOG (SEQ, CHK_ID, ERROR_MESSAGE)" & CHAR(10) & " VALUES (QUALITY_CHECK_SEQ.NEXTVAL, RULE_ID_VAL, 'An error has occurred.');" & CHAR(10) & " END;" & CHAR(10) & " COMMIT;" & CHAR(10) -> -- 프로시저 본문 BEGIN WITH query_result AS ( -- 쿼리 결과를 변수에 저장 SELECT 'ID1004' AS RULE_ID, 'PERSON' AS TB_NM, 'PERSON_ID' AS COL_NM, COUNT(*) AS ERR_CNT FROM YourSchemaName.PROCEDURE_OCCURRENCE A WHERE CASE WHEN NOT EXISTS (SELECT 1 FROM YourSchemaName.PERSON B WHERE B.PERSON_ID = A.PERSON_ID ) THEN 'Y' ELSE 'N' END = 'Y' AND ( PERSON_ID IS NOT NULL AND LENGTH(TO_CHAR(PERSON_ID))>0 ) ) SELECT RULE_ID, TB_NM, COL_NM, ERR_CNT INTO RULE_ID_VAL, TB_NM_VAL, COL_NM_VAL, ERR_CNT_VAL FROM query_result; -- 결과를 테이블에 삽입 UPDATE RESULT_QUALITY_CHECK SET ERR_CNT = ERR_CNT_VAL WHERE RULE_ID = RULE_ID_VAL; EXCEPTION WHEN OTHERS THEN INSERT INTO QUALITY_CHECK_ERROR_LOG (SEQ, CHK_ID, ERROR_MESSAGE) VALUES (QUALITY_CHECK_SEQ.NEXTVAL, RULE_ID_VAL, 'An error has occurred.'); END; COMMIT; | CF6: ="SELECT ERR_VALUE, RULE_ID, TB_NM, COL_NM FROM ( SELECT DISTINCT SUBSTR(TO_CHAR("& $J6 &"),1,30) AS ERR_VALUE, 'ID"& $U6 &"' AS RULE_ID, '"& $G6 &"' AS TB_NM, '"& $J6 &"' AS COL_NM FROM "&$C6&"."& $AJ6 &" A WHERE CASE WHEN NOT EXISTS (SELECT 1 FROM "&$C6&"."& $G6 &" B WHERE B."& $AK6 &" = A."& $J6 &") THEN 'Y' ELSE 'N' END = 'Y' AND ( "& $J6 &" IS NOT NULL AND LENGTH(TO_CHAR("& $J6 &"))>0 ) AND ROWNUM < 4 ) XX " -> SELECT ERR_VALUE, RULE_ID, TB_NM, COL_NM FROM ( SELECT DISTINCT SUBSTR(TO_CHAR(PERSON_ID),1,30) AS ERR_VALUE, 'ID1004' AS RULE_ID, 'PERSON' AS TB_NM, 'PERSON_ID' AS COL_NM FROM YourSchemaName.PROCEDURE_OCCURRENCE A WHERE CASE WHEN NOT EXISTS (SELECT 1 FROM YourSchemaName.PERSON B WHERE B.PERSON_ID = A.PERSON_ID) THEN 'Y' ELSE 'N' END = 'Y' AND ( PERSON_ID IS NOT NULL AND LENGTH(TO_CHAR(PERSON_ID))>0 ) AND ROWNUM < 4 ) XX | CG6: UNION ALL | CH6: =" -- 프로시저 본문" & CHAR(10) & " BEGIN" & CHAR(10) & " WITH query_result AS (" & CHAR(10) & " -- 쿼리 결과를 변수에 저장" & CHAR(10) & " "&CF6& CHAR(10) & " )" & CHAR(10) & " SELECT" & CHAR(10) & " RULE_ID, TB_NM, COL_NM, ERR_VALUE" & CHAR(10) & " INTO" & CHAR(10) & " RULE_ID_VAL, TB_NM_VAL, COL_NM_VAL, ERR_VALUE_VAL" & CHAR(10) & " FROM query_result;" & CHAR(10) & " -- 결과를 테이블에 삽입" & CHAR(10) & " UPDATE RESULT_QUALITY_CHECK SET ERR_VALUE = ERR_VALUE_VAL WHERE RULE_ID = RULE_ID_VAL;" & CHAR(10) & " EXCEPTION" & CHAR(10) & " WHEN NO_DATA_FOUND THEN NULL; " & " WHEN OTHERS THEN" & CHAR(10) & " INSERT INTO QUALITY_CHECK_ERROR_LOG (SEQ, CHK_ID, ERROR_MESSAGE)" & CHAR(10) & " VALUES (QUALITY_CHECK_SEQ.NEXTVAL, RULE_ID_VAL, 'An error has occurred.');" & CHAR(10) & " END;" & CHAR(10) & " COMMIT;" & CHAR(10) -> -- 프로시저 본문 BEGIN WITH query_result AS ( -- 쿼리 결과를 변수에 저장 SELECT ERR_VALUE, RULE_ID, TB_NM, COL_NM FROM ( SELECT DISTINCT SUBSTR(TO_CHAR(PERSON_ID),1,30) AS ERR_VALUE, 'ID1004' AS RULE_ID, 'PERSON' AS TB_NM, 'PERSON_ID' AS COL_NM FROM YourSchemaName.PROCEDURE_OCCURRENCE A WHERE CASE WHEN NOT EXISTS (SELECT 1 FROM YourSchemaName.PERSON B WHERE B.PERSON_ID = A.PERSON_ID) THEN 'Y' ELSE 'N' END = 'Y' AND ( PERSON_ID IS NOT NULL AND LENGTH(TO_CHAR(PERSON_ID))>0 ) AND ROWNUM < 4 ) XX ) SELECT RULE_ID, TB_NM, COL_NM, ERR_VALUE INTO RULE_ID_VAL, TB_NM_VAL, COL_NM_VAL, ERR_VALUE_VAL FROM query_result; -- 결과를 테이블에 삽입 UPDATE RESULT_QUALITY_CHECK SET ERR_VALUE = ERR_VALUE_VAL WHERE RULE_ID = RULE_ID_VAL; EXCEPTION WHEN NO_DATA_FOUND THEN NULL; WHEN OTHERS THEN INSERT INTO QUALITY_CHECK_ERROR_LOG (SEQ, CHK_ID, ERROR_MESSAGE) VALUES (QUALITY_CHECK_SEQ.NEXTVAL, RULE_ID_VAL, 'An error has occurred.'); END; COMMIT; | CI6: ="SELECT 'ID"& $U6 &"' AS RULE_ID, '"& $G6 &"' AS TB_NM, '"& $J6 &"' AS COL_NM, COUNT(*) AS TOT_CNT FROM "&$C6&"."& $G6 &" WHERE "& $J6 &" IS NOT NULL AND DATALENGTH("& $J6 &")>0 " -> SELECT 'ID1004' AS RULE_ID, 'PERSON' AS TB_NM, 'PERSON_ID' AS COL_NM, COUNT(*) AS TOT_CNT FROM YourSchemaName.PERSON WHERE PERSON_ID IS NOT NULL AND DATALENGTH(PERSON_ID)>0 | CJ6: UNION ALL | CK6: ="BEGIN TRY" & CHAR(10) & " WITH query_result AS (" & CHAR(10) & " "&CI6& CHAR(10) & " )" & CHAR(10) & " SELECT" & CHAR(10) & " @RULE_ID_VAL = RULE_ID," & CHAR(10) & " @TB_NM_VAL = TB_NM," & CHAR(10) & " @COL_NM_VAL = COL_NM," & CHAR(10) & " @TOT_CNT_VAL = TOT_CNT" & CHAR(10) & " FROM query_result;" & CHAR(10) & " -- 결과를 테이블에 삽입" & CHAR(10) & " INSERT INTO dbo.result_quality_check (RULE_ID, TB_NM, COL_NM, TOT_CNT)" & CHAR(10) & " VALUES (@RULE_ID_VAL, @TB_NM_VAL, @COL_NM_VAL, @TOT_CNT_VAL);" & CHAR(10) & "END TRY" & CHAR(10) & "BEGIN CATCH" & CHAR(10) & " -- 오류 발생 시 에러 로그에 기록" & CHAR(10) & " INSERT INTO dbo.quality_check_error_log (CHK_ID, ERROR_MESSAGE)" & CHAR(10) & " VALUES (@RULE_ID_VAL, ERROR_MESSAGE());" & CHAR(10) & "END CATCH;" & CHAR(10) & " COMMIT;" & CHAR(10) -> BEGIN TRY WITH query_result AS ( SELECT 'ID1004' AS RULE_ID, 'PERSON' AS TB_NM, 'PERSON_ID' AS COL_NM, COUNT(*) AS TOT_CNT FROM YourSchemaName.PERSON WHERE PERSON_ID IS NOT NULL AND DATALENGTH(PERSON_ID)>0 ) SELECT @RULE_ID_VAL = RULE_ID, @TB_NM_VAL = TB_NM, @COL_NM_VAL = COL_NM, @TOT_CNT_VAL = TOT_CNT FROM query_result; -- 결과를 테이블에 삽입 INSERT INTO dbo.result_quality_check (RULE_ID, TB_NM, COL_NM, TOT_CNT) VALUES (@RULE_ID_VAL, @TB_NM_VAL, @COL_NM_VAL, @TOT_CNT_VAL); END TRY BEGIN CATCH -- 오류 발생 시 에러 로그에 기록 INSERT INTO dbo.quality_check_error_log (CHK_ID, ERROR_MESSAGE) VALUES (@RULE_ID_VAL, ERROR_MESSAGE()); END CATCH; COMMIT; | CL6: ="SELECT 'ID"& $U6 &"' AS RULE_ID, '"& $G6 &"' AS TB_NM, '"& $J6 &"' AS COL_NM, COUNT(*) AS ERR_CNT FROM "&$C6&"."& $G6 &" A WHERE CASE WHEN NOT EXISTS (SELECT 1 FROM "&$C6&"."& $AJ6 &" B WHERE B."&$AK6&" = A."& $J6 &" ) THEN 'Y' ELSE 'N' END = 'Y' AND ( "& $J6 &" IS NOT NULL AND DATALENGTH(CAST("& $J6 &" AS VARCHAR))>0 ) " -> SELECT 'ID1004' AS RULE_ID, 'PERSON' AS TB_NM, 'PERSON_ID' AS COL_NM, COUNT(*) AS ERR_CNT FROM YourSchemaName.PERSON A WHERE CASE WHEN NOT EXISTS (SELECT 1 FROM YourSchemaName.PROCEDURE_OCCURRENCE B WHERE B.PERSON_ID = A.PERSON_ID ) THEN 'Y' ELSE 'N' END = 'Y' AND ( PERSON_ID IS NOT NULL AND DATALENGTH(CAST(PERSON_ID AS VARCHAR))>0 ) | CM6: UNION ALL | CN6: ="BEGIN TRY" & CHAR(10) & " WITH query_result AS (" & CHAR(10) & " "&CL6& CHAR(10) & " )" & CHAR(10) & " SELECT" & CHAR(10) & " @RULE_ID_VAL = RULE_ID," & CHAR(10) & " @TB_NM_VAL = TB_NM," & CHAR(10) & " @COL_NM_VAL = COL_NM," & CHAR(10) & " @ERR_CNT_VAL = ERR_CNT" & CHAR(10) & " FROM query_result;" & CHAR(10) & " -- 결과를 테이블에 삽입" & CHAR(10) & " UPDATE dbo.result_quality_check SET ERR_CNT = @ERR_CNT_VAL WHERE RULE_ID = @RULE_ID_VAL;" & CHAR(10) &"END TRY" & CHAR(10) & "BEGIN CATCH" & CHAR(10) & " -- 오류 발생 시 에러 로그에 기록" & CHAR(10) & " INSERT INTO dbo.quality_check_error_log (CHK_ID, ERROR_MESSAGE)" & CHAR(10) & " VALUES (@RULE_ID_VAL, ERROR_MESSAGE());" & CHAR(10) & "END CATCH;" & CHAR(10) & " COMMIT; " & CHAR(10) -> BEGIN TRY WITH query_result AS ( SELECT 'ID1004' AS RULE_ID, 'PERSON' AS TB_NM, 'PERSON_ID' AS COL_NM, COUNT(*) AS ERR_CNT FROM YourSchemaName.PERSON A WHERE CASE WHEN NOT EXISTS (SELECT 1 FROM YourSchemaName.PROCEDURE_OCCURRENCE B WHERE B.PERSON_ID = A.PERSON_ID ) THEN 'Y' ELSE 'N' END = 'Y' AND ( PERSON_ID IS NOT NULL AND DATALENGTH(CAST(PERSON_ID AS VARCHAR))>0 ) ) SELECT @RULE_ID_VAL = RULE_ID, @TB_NM_VAL = TB_NM, @COL_NM_VAL = COL_NM, @ERR_CNT_VAL = ERR_CNT FROM query_result; -- 결과를 테이블에 삽입 UPDATE dbo.result_quality_check SET ERR_CNT = @ERR_CNT_VAL WHERE RULE_ID = @RULE_ID_VAL; END TRY BEGIN CATCH -- 오류 발생 시 에러 로그에 기록 INSERT INTO dbo.quality_check_error_log (CHK_ID, ERROR_MESSAGE) VALUES (@RULE_ID_VAL, ERROR_MESSAGE()); END CATCH; COMMIT; | CO6: ="SELECT TOP 3 ERR_VALUE, RULE_ID, TB_NM, COL_NM FROM ( SELECT DISTINCT SUBSTRING(CAST("& $J6 &" AS VARCHAR),1,30) AS ERR_VALUE, 'ID"& $U6 &"' AS RULE_ID, '"& $G6 &"' AS TB_NM, '"& $J6 &"' AS COL_NM FROM "&$C6&"."& $G6 &" A WHERE CASE WHEN NOT EXISTS (SELECT 1 FROM "&$C6&"."& $AJ6 &" B WHERE B."& $AK6 &" = A."& $J6 &") THEN 'Y' ELSE 'N' END = 'Y' AND ( "& $J6 &" IS NOT NULL AND DATALENGTH(CAST("& $J6 &" AS VARCHAR))>0 ) ) XX " -> SELECT TOP 3 ERR_VALUE, RULE_ID, TB_NM, COL_NM FROM ( SELECT DISTINCT SUBSTRING(CAST(PERSON_ID AS VARCHAR),1,30) AS ERR_VALUE, 'ID1004' AS RULE_ID, 'PERSON' AS TB_NM, 'PERSON_ID' AS COL_NM FROM YourSchemaName.PERSON A WHERE CASE WHEN NOT EXISTS (SELECT 1 FROM YourSchemaName.PROCEDURE_OCCURRENCE B WHERE B.PERSON_ID = A.PERSON_ID) THEN 'Y' ELSE 'N' END = 'Y' AND ( PERSON_ID IS NOT NULL AND DATALENGTH(CAST(PERSON_ID AS VARCHAR))>0 ) ) XX | CP6: UNION ALL | CQ6: ="BEGIN TRY" & CHAR(10) & " WITH query_result AS (" & CHAR(10) & " "&CO6& CHAR(10) & " )" & CHAR(10) & " SELECT" & CHAR(10) & " @RULE_ID_VAL = RULE_ID," & CHAR(10) & " @TB_NM_VAL = TB_NM," & CHAR(10) & " @COL_NM_VAL = COL_NM," & CHAR(10) & " @ERR_VALUE_VAL = ERR_VALUE" & CHAR(10) & " FROM query_result;" & CHAR(10) & " -- 결과를 테이블에 삽입" & CHAR(10) & " UPDATE dbo.result_quality_check SET ERR_VALUE = @ERR_VALUE_VAL WHERE RULE_ID = @RULE_ID_VAL;" & CHAR(10) &"END TRY" & CHAR(10) & "BEGIN CATCH" & CHAR(10) & " -- 오류 발생 시 에러 로그에 기록" & CHAR(10) & " INSERT INTO dbo.quality_check_error_log (CHK_ID, ERROR_MESSAGE)" & CHAR(10) & " VALUES (@RULE_ID_VAL, ERROR_MESSAGE());" & CHAR(10) & "END CATCH;" & CHAR(10) & "COMMIT;" & CHAR(10) -> BEGIN TRY WITH query_result AS ( SELECT TOP 3 ERR_VALUE, RULE_ID, TB_NM, COL_NM FROM ( SELECT DISTINCT SUBSTRING(CAST(PERSON_ID AS VARCHAR),1,30) AS ERR_VALUE, 'ID1004' AS RULE_ID, 'PERSON' AS TB_NM, 'PERSON_ID' AS COL_NM FROM YourSchemaName.PERSON A WHERE CASE WHEN NOT EXISTS (SELECT 1 FROM YourSchemaName.PROCEDURE_OCCURRENCE B WHERE B.PERSON_ID = A.PERSON_ID) THEN 'Y' ELSE 'N' END = 'Y' AND ( PERSON_ID IS NOT NULL AND DATALENGTH(CAST(PERSON_ID AS VARCHAR))>0 ) ) XX ) SELECT @RULE_ID_VAL = RULE_ID, @TB_NM_VAL = TB_NM, @COL_NM_VAL = COL_NM, @ERR_VALUE_VAL = ERR_VALUE FROM query_result; -- 결과를 테이블에 삽입 UPDATE dbo.result_quality_check SET ERR_VALUE = @ERR_VALUE_VAL WHERE RULE_ID = @RULE_ID_VAL; END TRY BEGIN CATCH -- 오류 발생 시 에러 로그에 기록 INSERT INTO dbo.quality_check_error_log (CHK_ID, ERROR_MESSAGE) VALUES (@RULE_ID_VAL, ERROR_MESSAGE()); END CATCH; COMMIT; | CR6: =IFERROR(VLOOKUP("ID"&U6,V.진단결과!$A$2:$E$99558,4,0),0) -> 0 | CS6: =IFERROR(VLOOKUP("ID"&U6,V.진단결과!$A$2:$E$99558,5,0),0) -> 0 | CT6: =IFERROR(CS6/CR6,0) -> 0 | CU6: =SUBSTITUTE(IFERROR(VLOOKUP("ID"&U6,V.진단결과!$A$2:$F$99558,6,0),""),$AO6,"")
A7: 5.3.1 | B7: Baseline DB | C7: YourSchemaName | D7: 1 | E7: Clinical Data | F7: 환자정보 | G7: PERSON | H7: 1 | I7: CDM 환자ID | J7: PERSON_ID | K7: INTEGER | L7: PK | N7: CDM 환자ID | O7: 100000001 | Q7: 필수 | R7: NOT NULL | U7: 1005 | V7: Y | Z7: 선후관계 유효성 | AA7: 선후관계유효성 | AJ7: DEATH | AK7: PERSON_ID | AM7: DEATH_DATE | AN7: =F7 &"["&G7&"]의 "& I7 &"["& J7 &"]는 사망["&AJ7&"]의 사망일자 이후 환자의 데이터가 존재할 수 없다." -> 환자정보[PERSON]의 CDM 환자ID[PERSON_ID]는 사망[DEATH]의 사망일자 이후 환자의 데이터가 존재할 수 없다. | AP7: ="SELECT 'ID"& $U7 &"' AS RULE_ID, '"& $G7 &"' AS TB_NM, '"& $J7 &"' AS COL_NM, COUNT(*) AS TOT_CNT FROM "&$C7&"."& $G7 &" A JOIN "&$C7&"."& $AJ7 &" B ON B."&$AK7&" = A."& $J7 &" WHERE A."& $J7 &" IS NOT NULL AND LENGTH(A."& $J7 &")>0 " -> SELECT 'ID1005' AS RULE_ID, 'PERSON' AS TB_NM, 'PERSON_ID' AS COL_NM, COUNT(*) AS TOT_CNT FROM YourSchemaName.PERSON A JOIN YourSchemaName.DEATH B ON B.PERSON_ID = A.PERSON_ID WHERE A.PERSON_ID IS NOT NULL AND LENGTH(A.PERSON_ID)>0 | AQ7: UNION ALL | AR7: ="WITH query_result AS (" & CHAR(10) & " -- 쿼리 결과를 변수에 저장" & CHAR(10) & " " & AP7 & CHAR(10) & " )" & CHAR(10) & " SELECT" & CHAR(10) & " RULE_ID, TB_NM, COL_NM, TOT_CNT" & CHAR(10) & " INTO" & CHAR(10) & " RULE_ID_VAL, TB_NM_VAL, COL_NM_VAL, TOT_CNT_VAL" & CHAR(10) & " FROM query_result;" & CHAR(10) & " -- 결과를 테이블에 삽입" & CHAR(10) & " INSERT INTO result_quality_check (RULE_ID, TB_NM, COL_NM, TOT_CNT)" & CHAR(10) & " VALUES (RULE_ID_VAL, TB_NM_VAL, COL_NM_VAL, TOT_CNT_VAL);" & CHAR(10) & " COMMIT;" & CHAR(10) -> WITH query_result AS ( -- 쿼리 결과를 변수에 저장 SELECT 'ID1005' AS RULE_ID, 'PERSON' AS TB_NM, 'PERSON_ID' AS COL_NM, COUNT(*) AS TOT_CNT FROM YourSchemaName.PERSON A JOIN YourSchemaName.DEATH B ON B.PERSON_ID = A.PERSON_ID WHERE A.PERSON_ID IS NOT NULL AND LENGTH(A.PERSON_ID)>0 ) SELECT RULE_ID, TB_NM, COL_NM, TOT_CNT INTO RULE_ID_VAL, TB_NM_VAL, COL_NM_VAL, TOT_CNT_VAL FROM query_result; -- 결과를 테이블에 삽입 INSERT INTO result_quality_check (RULE_ID, TB_NM, COL_NM, TOT_CNT) VALUES (RULE_ID_VAL, TB_NM_VAL, COL_NM_VAL, TOT_CNT_VAL); COMMIT; | AS7: ="SELECT 'ID"& $U7 &"' AS RULE_ID, '"& $G7 &"' AS TB_NM, '"& $J7 &"' AS COL_NM, COUNT(*) AS ERR_CNT FROM "&$C7&"."& $G7 &" A JOIN "&$C7&"."& $AJ7 &" B ON B."&$AK7&" = A."& $J7 &" WHERE (A.YEAR_OF_BIRTH || '-' || LPAD(A.MONTH_OF_BIRTH, 2, '0') || '-' || LPAD(A.DAY_OF_BIRTH, 2, '0')) > B."&$AM7&" AND ( A."& $J7 &" IS NOT NULL AND LENGTH(CAST(A."& $J7 &" AS VARCHAR))>0 ) " -> SELECT 'ID1005' AS RULE_ID, 'PERSON' AS TB_NM, 'PERSON_ID' AS COL_NM, COUNT(*) AS ERR_CNT FROM YourSchemaName.PERSON A JOIN YourSchemaName.DEATH B ON B.PERSON_ID = A.PERSON_ID WHERE (A.YEAR_OF_BIRTH || '-' || LPAD(A.MONTH_OF_BIRTH, 2, '0') || '-' || LPAD(A.DAY_OF_BIRTH, 2, '0')) > B.DEATH_DATE AND ( A.PERSON_ID IS NOT NULL AND LENGTH(CAST(A.PERSON_ID AS VARCHAR))>0 ) | AT7: UNION ALL | AU7: =" WITH query_result AS (" & CHAR(10) & " -- 쿼리 결과를 변수에 저장" & CHAR(10) & " " & AS7 & CHAR(10) & " )" & CHAR(10) & " SELECT" & CHAR(10) & " RULE_ID, TB_NM, COL_NM, ERR_CNT" & CHAR(10) & " INTO" & CHAR(10) & " RULE_ID_VAL, TB_NM_VAL, COL_NM_VAL, ERR_CNT_VAL" & CHAR(10) & " FROM query_result;" & CHAR(10) & " -- 결과를 테이블에 삽입" & CHAR(10) & " UPDATE result_quality_check SET ERR_CNT = ERR_CNT_VAL WHERE RULE_ID = RULE_ID_VAL;" & CHAR(10) & " COMMIT;" & CHAR(10) -> WITH query_result AS ( -- 쿼리 결과를 변수에 저장 SELECT 'ID1005' AS RULE_ID, 'PERSON' AS TB_NM, 'PERSON_ID' AS COL_NM, COUNT(*) AS ERR_CNT FROM YourSchemaName.PERSON A JOIN YourSchemaName.DEATH B ON B.PERSON_ID = A.PERSON_ID WHERE (A.YEAR_OF_BIRTH || '-' || LPAD(A.MONTH_OF_BIRTH, 2, '0') || '-' || LPAD(A.DAY_OF_BIRTH, 2, '0')) > B.DEATH_DATE AND ( A.PERSON_ID IS NOT NULL AND LENGTH(CAST(A.PERSON_ID AS VARCHAR))>0 ) ) SELECT RULE_ID, TB_NM, COL_NM, ERR_CNT INTO RULE_ID_VAL, TB_NM_VAL, COL_NM_VAL, ERR_CNT_VAL FROM query_result; -- 결과를 테이블에 삽입 UPDATE result_quality_check SET ERR_CNT = ERR_CNT_VAL WHERE RULE_ID = RULE_ID_VAL; COMMIT; | AV7: ="SELECT ERR_VALUE, RULE_ID, TB_NM, COL_NM FROM ( SELECT DISTINCT SUBSTRING(CAST(A."& $J7 &" AS VARCHAR),1,30) AS ERR_VALUE, 'ID"& $U7 &"' AS RULE_ID, '"& $G7 &"' AS TB_NM, '"& $J7 &"' AS COL_NM FROM "&$C7&"."& $G7 &" A JOIN "&$C7&"."& $AJ7 &" B ON B."&$AK7&" = A."& $J7 &" WHERE (A.YEAR_OF_BIRTH || '-' || LPAD(A.MONTH_OF_BIRTH, 2, '0') || '-' || LPAD(A.DAY_OF_BIRTH, 2, '0')) > TO_VARCHAR(B."&$AM7&", 'YYYY-MM-DD') AND ( A."& $J7 &" IS NOT NULL AND LENGTH(CAST(A."& $J7 &" AS VARCHAR))>0 ) LIMIT 3 ) XX " -> SELECT ERR_VALUE, RULE_ID, TB_NM, COL_NM FROM ( SELECT DISTINCT SUBSTRING(CAST(A.PERSON_ID AS VARCHAR),1,30) AS ERR_VALUE, 'ID1005' AS RULE_ID, 'PERSON' AS TB_NM, 'PERSON_ID' AS COL_NM FROM YourSchemaName.PERSON A JOIN YourSchemaName.DEATH B ON B.PERSON_ID = A.PERSON_ID WHERE (A.YEAR_OF_BIRTH || '-' || LPAD(A.MONTH_OF_BIRTH, 2, '0') || '-' || LPAD(A.DAY_OF_BIRTH, 2, '0')) > TO_VARCHAR(B.DEATH_DATE, 'YYYY-MM-DD') AND ( A.PERSON_ID IS NOT NULL AND LENGTH(CAST(A.PERSON_ID AS VARCHAR))>0 ) LIMIT 3 ) XX | AW7: UNION ALL | AX7: =" WITH query_result AS (" & CHAR(10) & " -- 쿼리 결과를 변수에 저장" & CHAR(10) & " " & AV7 & CHAR(10) & " )" & CHAR(10) & " SELECT" & CHAR(10) & " RULE_ID, TB_NM, COL_NM, ERR_VALUE" & CHAR(10) & " INTO" & CHAR(10) & " RULE_ID_VAL, TB_NM_VAL, COL_NM_VAL, ERR_VALUE_VAL" & CHAR(10) & " FROM query_result;" & CHAR(10) & " -- 결과를 테이블에 삽입" & CHAR(10) & " UPDATE result_quality_check SET ERR_VALUE = ERR_VALUE_VAL WHERE RULE_ID = RULE_ID_VAL;" & CHAR(10) & " COMMIT;" & CHAR(10) -> WITH query_result AS ( -- 쿼리 결과를 변수에 저장 SELECT ERR_VALUE, RULE_ID, TB_NM, COL_NM FROM ( SELECT DISTINCT SUBSTRING(CAST(A.PERSON_ID AS VARCHAR),1,30) AS ERR_VALUE, 'ID1005' AS RULE_ID, 'PERSON' AS TB_NM, 'PERSON_ID' AS COL_NM FROM YourSchemaName.PERSON A JOIN YourSchemaName.DEATH B ON B.PERSON_ID = A.PERSON_ID WHERE (A.YEAR_OF_BIRTH || '-' || LPAD(A.MONTH_OF_BIRTH, 2, '0') || '-' || LPAD(A.DAY_OF_BIRTH, 2, '0')) > TO_VARCHAR(B.DEATH_DATE, 'YYYY-MM-DD') AND ( A.PERSON_ID IS NOT NULL AND LENGTH(CAST(A.PERSON_ID AS VARCHAR))>0 ) LIMIT 3 ) XX ) SELECT RULE_ID, TB_NM, COL_NM, ERR_VALUE INTO RULE_ID_VAL, TB_NM_VAL, COL_NM_VAL, ERR_VALUE_VAL FROM query_result; -- 결과를 테이블에 삽입 UPDATE result_quality_check SET ERR_VALUE = ERR_VALUE_VAL WHERE RULE_ID = RULE_ID_VAL; COMMIT; | AY7: ="SELECT 'ID"& $U7 &"' AS RULE_ID, '"& $G7 &"' AS TB_NM, '"& $J7 &"' AS COL_NM, COUNT(*) AS TOT_CNT FROM "&$C7&"."& $G7 &" A JOIN "&$C7&"."& $AJ7 &" B ON B."&$AK7&" = A."& $J7 &" WHERE A."& $J7 &" IS NOT NULL AND DATALENGTH(A."& $J7 &")>0 " -> SELECT 'ID1005' AS RULE_ID, 'PERSON' AS TB_NM, 'PERSON_ID' AS COL_NM, COUNT(*) AS TOT_CNT FROM YourSchemaName.PERSON A JOIN YourSchemaName.DEATH B ON B.PERSON_ID = A.PERSON_ID WHERE A.PERSON_ID IS NOT NULL AND DATALENGTH(A.PERSON_ID)>0 | AZ7: UNION ALL | BA7: ="BEGIN TRY" & CHAR(10) & " WITH query_result AS (" & CHAR(10) & " "&AY7& CHAR(10) & " )" & CHAR(10) & " SELECT" & CHAR(10) & " @RULE_ID_VAL = RULE_ID," & CHAR(10) & " @TB_NM_VAL = TB_NM," & CHAR(10) & " @COL_NM_VAL = COL_NM," & CHAR(10) & " @TOT_CNT_VAL = TOT_CNT" & CHAR(10) & " FROM query_result;" & CHAR(10) & " -- 결과를 테이블에 삽입" & CHAR(10) & " INSERT INTO dbo.result_quality_check (RULE_ID, TB_NM, COL_NM, TOT_CNT)" & CHAR(10) & " VALUES (@RULE_ID_VAL, @TB_NM_VAL, @COL_NM_VAL, @TOT_CNT_VAL);" & CHAR(10) & "END TRY" & CHAR(10) & "BEGIN CATCH" & CHAR(10) & " -- 오류 발생 시 에러 로그에 기록" & CHAR(10) & " INSERT INTO dbo.quality_check_error_log (CHK_ID, ERROR_MESSAGE)" & CHAR(10) & " VALUES (@RULE_ID_VAL, ERROR_MESSAGE());" & CHAR(10) & "END CATCH;" & CHAR(10) & " COMMIT;" & CHAR(10) -> BEGIN TRY WITH query_result AS ( SELECT 'ID1005' AS RULE_ID, 'PERSON' AS TB_NM, 'PERSON_ID' AS COL_NM, COUNT(*) AS TOT_CNT FROM YourSchemaName.PERSON A JOIN YourSchemaName.DEATH B ON B.PERSON_ID = A.PERSON_ID WHERE A.PERSON_ID IS NOT NULL AND DATALENGTH(A.PERSON_ID)>0 ) SELECT @RULE_ID_VAL = RULE_ID, @TB_NM_VAL = TB_NM, @COL_NM_VAL = COL_NM, @TOT_CNT_VAL = TOT_CNT FROM query_result; -- 결과를 테이블에 삽입 INSERT INTO dbo.result_quality_check (RULE_ID, TB_NM, COL_NM, TOT_CNT) VALUES (@RULE_ID_VAL, @TB_NM_VAL, @COL_NM_VAL, @TOT_CNT_VAL); END TRY BEGIN CATCH -- 오류 발생 시 에러 로그에 기록 INSERT INTO dbo.quality_check_error_log (CHK_ID, ERROR_MESSAGE) VALUES (@RULE_ID_VAL, ERROR_MESSAGE()); END CATCH; COMMIT; | BB7: ="SELECT 'ID"& $U7 &"' AS RULE_ID, '"& $G7 &"' AS TB_NM, '"& $J7 &"' AS COL_NM, COUNT(*) AS ERR_CNT FROM "&$C7&"."& $G7 &" A JOIN "&$C7&"."& $AJ7 &" B ON B."&$AK7&" = A."& $J7 &" WHERE (CAST(A.YEAR_OF_BIRTH AS VARCHAR) + '-' + RIGHT('00' + CAST(A.MONTH_OF_BIRTH AS VARCHAR), 2) + '-' + RIGHT('00' + CAST(A.DAY_OF_BIRTH AS VARCHAR), 2)) > B."&$AM7&" AND ( A."& $J7 &" IS NOT NULL AND DATALENGTH(CAST(A."& $J7 &" AS VARCHAR))>0 ) " -> SELECT 'ID1005' AS RULE_ID, 'PERSON' AS TB_NM, 'PERSON_ID' AS COL_NM, COUNT(*) AS ERR_CNT FROM YourSchemaName.PERSON A JOIN YourSchemaName.DEATH B ON B.PERSON_ID = A.PERSON_ID WHERE (CAST(A.YEAR_OF_BIRTH AS VARCHAR) + '-' + RIGHT('00' + CAST(A.MONTH_OF_BIRTH AS VARCHAR), 2) + '-' + RIGHT('00' + CAST(A.DAY_OF_BIRTH AS VARCHAR), 2)) > B.DEATH_DATE AND ( A.PERSON_ID IS NOT NULL AND DATALENGTH(CAST(A.PERSON_ID AS VARCHAR))>0 ) | BC7: UNION ALL | BD7: ="BEGIN TRY" & CHAR(10) & " WITH query_result AS (" & CHAR(10) & " "&BB7& CHAR(10) & " )" & CHAR(10) & " SELECT" & CHAR(10) & " @RULE_ID_VAL = RULE_ID," & CHAR(10) & " @TB_NM_VAL = TB_NM," & CHAR(10) & " @COL_NM_VAL = COL_NM," & CHAR(10) & " @ERR_CNT_VAL = ERR_CNT" & CHAR(10) & " FROM query_result;" & CHAR(10) & " -- 결과를 테이블에 삽입" & CHAR(10) & " UPDATE dbo.result_quality_check SET ERR_CNT = @ERR_CNT_VAL WHERE RULE_ID = @RULE_ID_VAL;" & CHAR(10) &"END TRY" & CHAR(10) & "BEGIN CATCH" & CHAR(10) & " -- 오류 발생 시 에러 로그에 기록" & CHAR(10) & " INSERT INTO dbo.quality_check_error_log (CHK_ID, ERROR_MESSAGE)" & CHAR(10) & " VALUES (@RULE_ID_VAL, ERROR_MESSAGE());" & CHAR(10) & "END CATCH;" & CHAR(10) & " COMMIT; " & CHAR(10) -> BEGIN TRY WITH query_result AS ( SELECT 'ID1005' AS RULE_ID, 'PERSON' AS TB_NM, 'PERSON_ID' AS COL_NM, COUNT(*) AS ERR_CNT FROM YourSchemaName.PERSON A JOIN YourSchemaName.DEATH B ON B.PERSON_ID = A.PERSON_ID WHERE (CAST(A.YEAR_OF_BIRTH AS VARCHAR) + '-' + RIGHT('00' + CAST(A.MONTH_OF_BIRTH AS VARCHAR), 2) + '-' + RIGHT('00' + CAST(A.DAY_OF_BIRTH AS VARCHAR), 2)) > B.DEATH_DATE AND ( A.PERSON_ID IS NOT NULL AND DATALENGTH(CAST(A.PERSON_ID AS VARCHAR))>0 ) ) SELECT @RULE_ID_VAL = RULE_ID, @TB_NM_VAL = TB_NM, @COL_NM_VAL = COL_NM, @ERR_CNT_VAL = ERR_CNT FROM query_result; -- 결과를 테이블에 삽입 UPDATE dbo.result_quality_check SET ERR_CNT = @ERR_CNT_VAL WHERE RULE_ID = @RULE_ID_VAL; END TRY BEGIN CATCH -- 오류 발생 시 에러 로그에 기록 INSERT INTO dbo.quality_check_error_log (CHK_ID, ERROR_MESSAGE) VALUES (@RULE_ID_VAL, ERROR_MESSAGE()); END CATCH; COMMIT; | BE7: ="SELECT TOP 3 ERR_VALUE, RULE_ID, TB_NM, COL_NM FROM ( SELECT DISTINCT SUBSTRING(CAST(A."& $J7 &" AS VARCHAR),1,30) AS ERR_VALUE, 'ID"& $U7 &"' AS RULE_ID, '"& $G7 &"' AS TB_NM, '"& $J7 &"' AS COL_NM FROM "&$C7&"."& $G7 &" A JOIN "&$C7&"."& $AJ7 &" B ON B."&$AK7&" = A."& $J7 &" WHERE (CAST(A.YEAR_OF_BIRTH AS VARCHAR) + '-' + RIGHT('00' + CAST(A.MONTH_OF_BIRTH AS VARCHAR), 2) + '-' + RIGHT('00' + CAST(A.DAY_OF_BIRTH AS VARCHAR), 2)) > B."&$AM7&" AND ( A."& $J7 &" IS NOT NULL AND DATALENGTH(CAST(A."& $J7 &" AS VARCHAR))>0 ) ) XX " -> SELECT TOP 3 ERR_VALUE, RULE_ID, TB_NM, COL_NM FROM ( SELECT DISTINCT SUBSTRING(CAST(A.PERSON_ID AS VARCHAR),1,30) AS ERR_VALUE, 'ID1005' AS RULE_ID, 'PERSON' AS TB_NM, 'PERSON_ID' AS COL_NM FROM YourSchemaName.PERSON A JOIN YourSchemaName.DEATH B ON B.PERSON_ID = A.PERSON_ID WHERE (CAST(A.YEAR_OF_BIRTH AS VARCHAR) + '-' + RIGHT('00' + CAST(A.MONTH_OF_BIRTH AS VARCHAR), 2) + '-' + RIGHT('00' + CAST(A.DAY_OF_BIRTH AS VARCHAR), 2)) > B.DEATH_DATE AND ( A.PERSON_ID IS NOT NULL AND DATALENGTH(CAST(A.PERSON_ID AS VARCHAR))>0 ) ) XX | BF7: UNION ALL | BG7: ="BEGIN TRY" & CHAR(10) & " WITH query_result AS (" & CHAR(10) & " "&BE7& CHAR(10) & " )" & CHAR(10) & " SELECT" & CHAR(10) & " @RULE_ID_VAL = RULE_ID," & CHAR(10) & " @TB_NM_VAL = TB_NM," & CHAR(10) & " @COL_NM_VAL = COL_NM," & CHAR(10) & " @ERR_VALUE_VAL = ERR_VALUE" & CHAR(10) & " FROM query_result;" & CHAR(10) & " -- 결과를 테이블에 삽입" & CHAR(10) & " UPDATE dbo.result_quality_check SET ERR_VALUE = @ERR_VALUE_VAL WHERE RULE_ID = @RULE_ID_VAL;" & CHAR(10) &"END TRY" & CHAR(10) & "BEGIN CATCH" & CHAR(10) & " -- 오류 발생 시 에러 로그에 기록" & CHAR(10) & " INSERT INTO dbo.quality_check_error_log (CHK_ID, ERROR_MESSAGE)" & CHAR(10) & " VALUES (@RULE_ID_VAL, ERROR_MESSAGE());" & CHAR(10) & "END CATCH;" & CHAR(10) & "COMMIT;" & CHAR(10) -> BEGIN TRY WITH query_result AS ( SELECT TOP 3 ERR_VALUE, RULE_ID, TB_NM, COL_NM FROM ( SELECT DISTINCT SUBSTRING(CAST(A.PERSON_ID AS VARCHAR),1,30) AS ERR_VALUE, 'ID1005' AS RULE_ID, 'PERSON' AS TB_NM, 'PERSON_ID' AS COL_NM FROM YourSchemaName.PERSON A JOIN YourSchemaName.DEATH B ON B.PERSON_ID = A.PERSON_ID WHERE (CAST(A.YEAR_OF_BIRTH AS VARCHAR) + '-' + RIGHT('00' + CAST(A.MONTH_OF_BIRTH AS VARCHAR), 2) + '-' + RIGHT('00' + CAST(A.DAY_OF_BIRTH AS VARCHAR), 2)) > B.DEATH_DATE AND ( A.PERSON_ID IS NOT NULL AND DATALENGTH(CAST(A.PERSON_ID AS VARCHAR))>0 ) ) XX ) SELECT @RULE_ID_VAL = RULE_ID, @TB_NM_VAL = TB_NM, @COL_NM_VAL = COL_NM, @ERR_VALUE_VAL = ERR_VALUE FROM query_result; -- 결과를 테이블에 삽입 UPDATE dbo.result_quality_check SET ERR_VALUE = @ERR_VALUE_VAL WHERE RULE_ID = @RULE_ID_VAL; END TRY BEGIN CATCH -- 오류 발생 시 에러 로그에 기록 INSERT INTO dbo.quality_check_error_log (CHK_ID, ERROR_MESSAGE) VALUES (@RULE_ID_VAL, ERROR_MESSAGE()); END CATCH; COMMIT; | BH7: ="SELECT 'ID"& $U7 &"' AS RULE_ID, '"& $G7 &"' AS TB_NM, '"& $J7 &"' AS COL_NM, COUNT(*) AS TOT_CNT FROM "&$C7&"."& $G7 &" A JOIN "&$C7&"."& $AJ7 &" B ON B."&$AK7&" = A."& $J7 &" WHERE A."& $J7 &" IS NOT NULL AND LENGTH(CAST(A."& $J7 &" AS VARCHAR))>0 " -> SELECT 'ID1005' AS RULE_ID, 'PERSON' AS TB_NM, 'PERSON_ID' AS COL_NM, COUNT(*) AS TOT_CNT FROM YourSchemaName.PERSON A JOIN YourSchemaName.DEATH B ON B.PERSON_ID = A.PERSON_ID WHERE A.PERSON_ID IS NOT NULL AND LENGTH(CAST(A.PERSON_ID AS VARCHAR))>0 | BI7: UNION ALL | BJ7: ="BEGIN" & CHAR(10) & " -- 쿼리 결과를 변수에 저장" & CHAR(10) & " " & BH7 & " INTO RULE_ID_VAL, TB_NM_VAL, COL_NM_VAL, TOT_CNT_VAL;" & CHAR(10) & " -- 결과를 테이블에 삽입" & CHAR(10) & " INSERT INTO result_quality_check (RULE_ID, TB_NM, COL_NM, TOT_CNT)" & CHAR(10) & " VALUES (RULE_ID_VAL, TB_NM_VAL, COL_NM_VAL, TOT_CNT_VAL);" & CHAR(10) & "EXCEPTION WHEN OTHERS THEN" & CHAR(10) & " -- 오류 발생 시 에러 로그에 기록" & CHAR(10) & " INSERT INTO quality_check_error_log(CHK_ID, error_message)" & CHAR(10) & " VALUES (RULE_ID_VAL, SQLERRM);" & CHAR(10) & "END; " & " COMMIT;" & CHAR(10) -> BEGIN -- 쿼리 결과를 변수에 저장 SELECT 'ID1005' AS RULE_ID, 'PERSON' AS TB_NM, 'PERSON_ID' AS COL_NM, COUNT(*) AS TOT_CNT FROM YourSchemaName.PERSON A JOIN YourSchemaName.DEATH B ON B.PERSON_ID = A.PERSON_ID WHERE A.PERSON_ID IS NOT NULL AND LENGTH(CAST(A.PERSON_ID AS VARCHAR))>0 INTO RULE_ID_VAL, TB_NM_VAL, COL_NM_VAL, TOT_CNT_VAL; -- 결과를 테이블에 삽입 INSERT INTO result_quality_check (RULE_ID, TB_NM, COL_NM, TOT_CNT) VALUES (RULE_ID_VAL, TB_NM_VAL, COL_NM_VAL, TOT_CNT_VAL); EXCEPTION WHEN OTHERS THEN -- 오류 발생 시 에러 로그에 기록 INSERT INTO quality_check_error_log(CHK_ID, error_message) VALUES (RULE_ID_VAL, SQLERRM); END; COMMIT; | BK7: ="SELECT 'ID"& $U7 &"' AS RULE_ID, '"& $G7 &"' AS TB_NM, '"& $J7 &"' AS COL_NM, COUNT(*) AS ERR_CNT FROM "&$C7&"."& $G7 &" A JOIN "&$C7&"."& $AJ7 &" B ON B."&$AK7&" = A."& $J7 &" WHERE MAKE_DATE(A.YEAR_OF_BIRTH,A.MONTH_OF_BIRTH,A.DAY_OF_BIRTH) > B."&$AM7&" AND ( A."& $J7 &" IS NOT NULL AND LENGTH(CAST(A."& $J7 &" AS VARCHAR))>0 ) " -> SELECT 'ID1005' AS RULE_ID, 'PERSON' AS TB_NM, 'PERSON_ID' AS COL_NM, COUNT(*) AS ERR_CNT FROM YourSchemaName.PERSON A JOIN YourSchemaName.DEATH B ON B.PERSON_ID = A.PERSON_ID WHERE MAKE_DATE(A.YEAR_OF_BIRTH,A.MONTH_OF_BIRTH,A.DAY_OF_BIRTH) > B.DEATH_DATE AND ( A.PERSON_ID IS NOT NULL AND LENGTH(CAST(A.PERSON_ID AS VARCHAR))>0 ) | BL7: UNION ALL | BM7: ="BEGIN" & CHAR(10) & " -- 쿼리 결과를 변수에 저장" & CHAR(10) & " " & BK7 & " INTO RULE_ID_VAL, TB_NM_VAL, COL_NM_VAL, ERR_CNT_VAL;" & CHAR(10) & " -- 결과를 테이블에 삽입" & CHAR(10) & " UPDATE result_quality_check SET err_cnt = ERR_CNT_VAL WHERE rule_id = RULE_ID_VAL;" & CHAR(10) & "EXCEPTION WHEN OTHERS THEN" & CHAR(10) & " -- 오류 발생 시 에러 로그에 기록" & CHAR(10) & " INSERT INTO quality_check_error_log(CHK_ID, error_message)" & CHAR(10) & " VALUES (RULE_ID_VAL, SQLERRM);" & CHAR(10) & "END;" & CHAR(10) & " COMMIT;" & CHAR(10) -> BEGIN -- 쿼리 결과를 변수에 저장 SELECT 'ID1005' AS RULE_ID, 'PERSON' AS TB_NM, 'PERSON_ID' AS COL_NM, COUNT(*) AS ERR_CNT FROM YourSchemaName.PERSON A JOIN YourSchemaName.DEATH B ON B.PERSON_ID = A.PERSON_ID WHERE MAKE_DATE(A.YEAR_OF_BIRTH,A.MONTH_OF_BIRTH,A.DAY_OF_BIRTH) > B.DEATH_DATE AND ( A.PERSON_ID IS NOT NULL AND LENGTH(CAST(A.PERSON_ID AS VARCHAR))>0 ) INTO RULE_ID_VAL, TB_NM_VAL, COL_NM_VAL, ERR_CNT_VAL; -- 결과를 테이블에 삽입 UPDATE result_quality_check SET err_cnt = ERR_CNT_VAL WHERE rule_id = RULE_ID_VAL; EXCEPTION WHEN OTHERS THEN -- 오류 발생 시 에러 로그에 기록 INSERT INTO quality_check_error_log(CHK_ID, error_message) VALUES (RULE_ID_VAL, SQLERRM); END; COMMIT; | BN7: ="SELECT ERR_VALUE, RULE_ID, TB_NM, COL_NM FROM ( SELECT DISTINCT SUBSTRING(CAST(A."& $J7 &" AS VARCHAR),1,30) AS ERR_VALUE, 'ID"& $U7 &"' AS RULE_ID, '"& $G7 &"' AS TB_NM, '"& $J7 &"' AS COL_NM FROM "&$C7&"."& $G7 &" A JOIN "&$C7&"."& $AJ7 &" B ON B."&$AK7&" = A."& $J7 &" WHERE MAKE_DATE(A.YEAR_OF_BIRTH,A.MONTH_OF_BIRTH,A.DAY_OF_BIRTH) > B."&$AM7&" AND ( A."& $J7 &" IS NOT NULL AND LENGTH(CAST(A."& $J7 &" AS VARCHAR))>0 ) LIMIT 3 ) XX " -> SELECT ERR_VALUE, RULE_ID, TB_NM, COL_NM FROM ( SELECT DISTINCT SUBSTRING(CAST(A.PERSON_ID AS VARCHAR),1,30) AS ERR_VALUE, 'ID1005' AS RULE_ID, 'PERSON' AS TB_NM, 'PERSON_ID' AS COL_NM FROM YourSchemaName.PERSON A JOIN YourSchemaName.DEATH B ON B.PERSON_ID = A.PERSON_ID WHERE MAKE_DATE(A.YEAR_OF_BIRTH,A.MONTH_OF_BIRTH,A.DAY_OF_BIRTH) > B.DEATH_DATE AND ( A.PERSON_ID IS NOT NULL AND LENGTH(CAST(A.PERSON_ID AS VARCHAR))>0 ) LIMIT 3 ) XX | BO7: UNION ALL | BP7: ="BEGIN" & CHAR(10) & " -- 쿼리 결과를 변수에 저장" & CHAR(10) & " " & BN7 & " INTO ERR_VALUE_VAL, RULE_ID_VAL, TB_NM_VAL, COL_NM_VAL;" & CHAR(10) & " -- 결과를 테이블에 삽입" & CHAR(10) & " UPDATE result_quality_check SET err_value = ERR_VALUE_VAL WHERE rule_id = RULE_ID_VAL;" & CHAR(10) & "EXCEPTION WHEN OTHERS THEN" & CHAR(10) & " -- 오류 발생 시 에러 로그에 기록" & CHAR(10) & " INSERT INTO quality_check_error_log(CHK_ID, error_message)" & CHAR(10) & " VALUES (RULE_ID_VAL, SQLERRM);" & CHAR(10) & "END;" & CHAR(10) & " COMMIT;" & CHAR(10) -> BEGIN -- 쿼리 결과를 변수에 저장 SELECT ERR_VALUE, RULE_ID, TB_NM, COL_NM FROM ( SELECT DISTINCT SUBSTRING(CAST(A.PERSON_ID AS VARCHAR),1,30) AS ERR_VALUE, 'ID1005' AS RULE_ID, 'PERSON' AS TB_NM, 'PERSON_ID' AS COL_NM FROM YourSchemaName.PERSON A JOIN YourSchemaName.DEATH B ON B.PERSON_ID = A.PERSON_ID WHERE MAKE_DATE(A.YEAR_OF_BIRTH,A.MONTH_OF_BIRTH,A.DAY_OF_BIRTH) > B.DEATH_DATE AND ( A.PERSON_ID IS NOT NULL AND LENGTH(CAST(A.PERSON_ID AS VARCHAR))>0 ) LIMIT 3 ) XX INTO ERR_VALUE_VAL, RULE_ID_VAL, TB_NM_VAL, COL_NM_VAL; -- 결과를 테이블에 삽입 UPDATE result_quality_check SET err_value = ERR_VALUE_VAL WHERE rule_id = RULE_ID_VAL; EXCEPTION WHEN OTHERS THEN -- 오류 발생 시 에러 로그에 기록 INSERT INTO quality_check_error_log(CHK_ID, error_message) VALUES (RULE_ID_VAL, SQLERRM); END; COMMIT; | BQ7: ="SELECT 'ID"& $U7 &"' AS RULE_ID, '"& $G7 &"' AS TB_NM, '"& $J7 &"' AS COL_NM, COUNT(*) AS TOT_CNT FROM "&$C7&"."& $G7 &" A JOIN "&$C7&"."& $AJ7 &" B ON B."&$AK7&" = A."& $J7 &" WHERE A."& $J7 &" IS NOT NULL AND LENGTH(A."& $J7 &")>0 " -> SELECT 'ID1005' AS RULE_ID, 'PERSON' AS TB_NM, 'PERSON_ID' AS COL_NM, COUNT(*) AS TOT_CNT FROM YourSchemaName.PERSON A JOIN YourSchemaName.DEATH B ON B.PERSON_ID = A.PERSON_ID WHERE A.PERSON_ID IS NOT NULL AND LENGTH(A.PERSON_ID)>0 | BR7: UNION ALL | BS7: ="BEGIN"&CHAR(10)& " -- 오류 발생 시 에러 로그에 기록"&CHAR(10)& " DECLARE CONTINUE HANDLER FOR SQLEXCEPTION"&CHAR(10)& " BEGIN"&CHAR(10)& " INSERT INTO quality_check_error_log (CHK_ID, ERROR_MESSAGE)"&CHAR(10)& " VALUES (RULE_ID_VAL, ERROR_MESSAGE());"&CHAR(10)& " END;"&CHAR(10)&CHAR(10)& " -- 쿼리 결과를 변수에 저장"&CHAR(10)& " "&BQ7&CHAR(10)& " INTO RULE_ID_VAL, TB_NM_VAL, COL_NM_VAL, TOT_CNT_VAL;"&CHAR(10)&CHAR(10)& " -- 결과를 테이블에 삽입"&CHAR(10)& " INSERT INTO result_quality_check (RULE_ID, TB_NM, COL_NM, TOT_CNT)"&CHAR(10)& " VALUES (RULE_ID_VAL, TB_NM_VAL, COL_NM_VAL, TOT_CNT_VAL);"&CHAR(10)& "END;"&CHAR(10) & "COMMIT;" & CHAR(10) -> BEGIN -- 오류 발생 시 에러 로그에 기록 DECLARE CONTINUE HANDLER FOR SQLEXCEPTION BEGIN INSERT INTO quality_check_error_log (CHK_ID, ERROR_MESSAGE) VALUES (RULE_ID_VAL, ERROR_MESSAGE()); END; -- 쿼리 결과를 변수에 저장 SELECT 'ID1005' AS RULE_ID, 'PERSON' AS TB_NM, 'PERSON_ID' AS COL_NM, COUNT(*) AS TOT_CNT FROM YourSchemaName.PERSON A JOIN YourSchemaName.DEATH B ON B.PERSON_ID = A.PERSON_ID WHERE A.PERSON_ID IS NOT NULL AND LENGTH(A.PERSON_ID)>0 INTO RULE_ID_VAL, TB_NM_VAL, COL_NM_VAL, TOT_CNT_VAL; -- 결과를 테이블에 삽입 INSERT INTO result_quality_check (RULE_ID, TB_NM, COL_NM, TOT_CNT) VALUES (RULE_ID_VAL, TB_NM_VAL, COL_NM_VAL, TOT_CNT_VAL); END; COMMIT; | BT7: ="SELECT 'ID"& $U7 &"' AS RULE_ID, '"& $G7 &"' AS TB_NM, '"& $J7 &"' AS COL_NM, COUNT(*) AS ERR_CNT FROM "&$C7&"."& $G7 &" A JOIN "&$C7&"."& $AJ7 &" B ON B."&$AK7&" = A."& $J7 &" WHERE DATE(A.YEAR_OF_BIRTH * 10000 + A.MONTH_OF_BIRTH * 100 + A.DAY_OF_BIRTH) > B.DEATH_DATE AND ( A."& $J7 &" IS NOT NULL AND LENGTH(A."& $J7 &")>0 ) " -> SELECT 'ID1005' AS RULE_ID, 'PERSON' AS TB_NM, 'PERSON_ID' AS COL_NM, COUNT(*) AS ERR_CNT FROM YourSchemaName.PERSON A JOIN YourSchemaName.DEATH B ON B.PERSON_ID = A.PERSON_ID WHERE DATE(A.YEAR_OF_BIRTH * 10000 + A.MONTH_OF_BIRTH * 100 + A.DAY_OF_BIRTH) > B.DEATH_DATE AND ( A.PERSON_ID IS NOT NULL AND LENGTH(A.PERSON_ID)>0 ) | BU7: UNION ALL | BV7: ="BEGIN" & CHAR(10) & " -- 오류 발생 시 에러 로그에 기록" & CHAR(10) & " DECLARE CONTINUE HANDLER FOR SQLEXCEPTION" & CHAR(10) & " BEGIN" & CHAR(10) & " INSERT INTO quality_check_error_log (CHK_ID, ERROR_MESSAGE)" & CHAR(10) & " VALUES (RULE_ID_VAL, ERROR_MESSAGE());" & CHAR(10) & " END;" & CHAR(10) & "" & CHAR(10) & " -- 쿼리 결과를 변수에 저장" & CHAR(10) & " "&BT7& CHAR(10) & " INTO RULE_ID_VAL, TB_NM_VAL, COL_NM_VAL, ERR_CNT_VAL;" & CHAR(10) & "" & CHAR(10) & " -- 결과를 테이블에 삽입" & CHAR(10) & " update result_quality_check set ERR_CNT = ERR_CNT_VAL where RULE_ID = RULE_ID_VAL;" & CHAR(10) & "END;" & CHAR(10) & "COMMIT;" & CHAR(10) -> BEGIN -- 오류 발생 시 에러 로그에 기록 DECLARE CONTINUE HANDLER FOR SQLEXCEPTION BEGIN INSERT INTO quality_check_error_log (CHK_ID, ERROR_MESSAGE) VALUES (RULE_ID_VAL, ERROR_MESSAGE()); END; -- 쿼리 결과를 변수에 저장 SELECT 'ID1005' AS RULE_ID, 'PERSON' AS TB_NM, 'PERSON_ID' AS COL_NM, COUNT(*) AS ERR_CNT FROM YourSchemaName.PERSON A JOIN YourSchemaName.DEATH B ON B.PERSON_ID = A.PERSON_ID WHERE DATE(A.YEAR_OF_BIRTH * 10000 + A.MONTH_OF_BIRTH * 100 + A.DAY_OF_BIRTH) > B.DEATH_DATE AND ( A.PERSON_ID IS NOT NULL AND LENGTH(A.PERSON_ID)>0 ) INTO RULE_ID_VAL, TB_NM_VAL, COL_NM_VAL, ERR_CNT_VAL; -- 결과를 테이블에 삽입 update result_quality_check set ERR_CNT = ERR_CNT_VAL where RULE_ID = RULE_ID_VAL; END; COMMIT; | BW7: ="SELECT ERR_VALUE, RULE_ID, TB_NM, COL_NM FROM ( SELECT DISTINCT SUBSTRING(CAST(A."& $J7 &" AS VARCHAR(50)),1,30) AS ERR_VALUE, 'ID"& $U7 &"' AS RULE_ID, '"& $G7 &"' AS TB_NM, '"& $J7 &"' AS COL_NM FROM "&$C7&"."& $G7 &" A JOIN "&$C7&"."& $AJ7 &" B ON B."&$AK7&" = A."& $J7 &" WHERE DATE(A.YEAR_OF_BIRTH * 10000 + A.MONTH_OF_BIRTH * 100 + A.DAY_OF_BIRTH) > B.DEATH_DATE AND ( A."& $J7 &" IS NOT NULL AND LENGTH(A."& $J7 &")>0 ) LIMIT 3 ) XX " -> SELECT ERR_VALUE, RULE_ID, TB_NM, COL_NM FROM ( SELECT DISTINCT SUBSTRING(CAST(A.PERSON_ID AS VARCHAR(50)),1,30) AS ERR_VALUE, 'ID1005' AS RULE_ID, 'PERSON' AS TB_NM, 'PERSON_ID' AS COL_NM FROM YourSchemaName.PERSON A JOIN YourSchemaName.DEATH B ON B.PERSON_ID = A.PERSON_ID WHERE DATE(A.YEAR_OF_BIRTH * 10000 + A.MONTH_OF_BIRTH * 100 + A.DAY_OF_BIRTH) > B.DEATH_DATE AND ( A.PERSON_ID IS NOT NULL AND LENGTH(A.PERSON_ID)>0 ) LIMIT 3 ) XX | BX7: UNION ALL | BY7: ="BEGIN" & CHAR(10) & " -- 오류 발생 시 에러 로그에 기록" & CHAR(10) & " DECLARE CONTINUE HANDLER FOR SQLEXCEPTION" & CHAR(10) & " BEGIN" & CHAR(10) & " INSERT INTO quality_check_error_log (CHK_ID, ERROR_MESSAGE)" & CHAR(10) & " VALUES (RULE_ID_VAL, ERROR_MESSAGE());" & CHAR(10) & " END;" & CHAR(10) & "" & CHAR(10) & " -- 쿼리 결과를 변수에 저장" & CHAR(10) & " "&BW7& CHAR(10) & " INTO ERR_VALUE_VAL, RULE_ID_VAL, TB_NM_VAL, COL_NM_VAL;" & CHAR(10) & "" & CHAR(10) & " -- 결과를 테이블에 삽입" & CHAR(10) & " update result_quality_check set ERR_VALUE = ERR_VALUE_VAL where RULE_ID = RULE_ID_VAL;" & CHAR(10) & " END;" & CHAR(10) & " COMMIT;" & CHAR(10) -> BEGIN -- 오류 발생 시 에러 로그에 기록 DECLARE CONTINUE HANDLER FOR SQLEXCEPTION BEGIN INSERT INTO quality_check_error_log (CHK_ID, ERROR_MESSAGE) VALUES (RULE_ID_VAL, ERROR_MESSAGE()); END; -- 쿼리 결과를 변수에 저장 SELECT ERR_VALUE, RULE_ID, TB_NM, COL_NM FROM ( SELECT DISTINCT SUBSTRING(CAST(A.PERSON_ID AS VARCHAR(50)),1,30) AS ERR_VALUE, 'ID1005' AS RULE_ID, 'PERSON' AS TB_NM, 'PERSON_ID' AS COL_NM FROM YourSchemaName.PERSON A JOIN YourSchemaName.DEATH B ON B.PERSON_ID = A.PERSON_ID WHERE DATE(A.YEAR_OF_BIRTH * 10000 + A.MONTH_OF_BIRTH * 100 + A.DAY_OF_BIRTH) > B.DEATH_DATE AND ( A.PERSON_ID IS NOT NULL AND LENGTH(A.PERSON_ID)>0 ) LIMIT 3 ) XX INTO ERR_VALUE_VAL, RULE_ID_VAL, TB_NM_VAL, COL_NM_VAL; -- 결과를 테이블에 삽입 update result_quality_check set ERR_VALUE = ERR_VALUE_VAL where RULE_ID = RULE_ID_VAL; END; COMMIT; | BZ7: ="SELECT 'ID"& $U7 &"' AS RULE_ID, '"& $G7 &"' AS TB_NM, '"& $J7 &"' AS COL_NM, COUNT(*) AS TOT_CNT FROM "&$C7&"."& $G7 &" A JOIN "&$C7&"."& $AJ7 &" B ON B."&$AK7&" = A."& $J7 &" WHERE A."& $J7 &" IS NOT NULL AND LENGTH(A."& $J7 &")>0 " -> SELECT 'ID1005' AS RULE_ID, 'PERSON' AS TB_NM, 'PERSON_ID' AS COL_NM, COUNT(*) AS TOT_CNT FROM YourSchemaName.PERSON A JOIN YourSchemaName.DEATH B ON B.PERSON_ID = A.PERSON_ID WHERE A.PERSON_ID IS NOT NULL AND LENGTH(A.PERSON_ID)>0 | CA7: UNION ALL | CB7: =" -- 프로시저 본문" & CHAR(10) & " BEGIN" & CHAR(10) & " WITH query_result AS (" & CHAR(10) & " -- 쿼리 결과를 변수에 저장" & CHAR(10) & " "&BZ7 & CHAR(10) & " )" & CHAR(10) & " SELECT" & CHAR(10) & " RULE_ID, TB_NM, COL_NM, TOT_CNT" & CHAR(10) & " INTO" & CHAR(10) & " RULE_ID_VAL, TB_NM_VAL, COL_NM_VAL, TOT_CNT_VAL" & CHAR(10) & " FROM query_result;" & CHAR(10) & "" & CHAR(10) & " -- 결과를 테이블에 삽입" & CHAR(10) & " INSERT INTO RESULT_QUALITY_CHECK (RULE_ID, TB_NM, COL_NM, TOT_CNT)" & CHAR(10) & " VALUES (RULE_ID_VAL, TB_NM_VAL, COL_NM_VAL, TOT_CNT_VAL);" & CHAR(10) & "" & CHAR(10) & " EXCEPTION" & CHAR(10) & " WHEN OTHERS THEN" & CHAR(10) & " INSERT INTO QUALITY_CHECK_ERROR_LOG (SEQ, CHK_ID, ERROR_MESSAGE)" & CHAR(10) & " VALUES (QUALITY_CHECK_SEQ.NEXTVAL, RULE_ID_VAL, 'An error has occurred.');" & CHAR(10) & " END;" & CHAR(10) & " COMMIT;" & CHAR(10) -> -- 프로시저 본문 BEGIN WITH query_result AS ( -- 쿼리 결과를 변수에 저장 SELECT 'ID1005' AS RULE_ID, 'PERSON' AS TB_NM, 'PERSON_ID' AS COL_NM, COUNT(*) AS TOT_CNT FROM YourSchemaName.PERSON A JOIN YourSchemaName.DEATH B ON B.PERSON_ID = A.PERSON_ID WHERE A.PERSON_ID IS NOT NULL AND LENGTH(A.PERSON_ID)>0 ) SELECT RULE_ID, TB_NM, COL_NM, TOT_CNT INTO RULE_ID_VAL, TB_NM_VAL, COL_NM_VAL, TOT_CNT_VAL FROM query_result; -- 결과를 테이블에 삽입 INSERT INTO RESULT_QUALITY_CHECK (RULE_ID, TB_NM, COL_NM, TOT_CNT) VALUES (RULE_ID_VAL, TB_NM_VAL, COL_NM_VAL, TOT_CNT_VAL); EXCEPTION WHEN OTHERS THEN INSERT INTO QUALITY_CHECK_ERROR_LOG (SEQ, CHK_ID, ERROR_MESSAGE) VALUES (QUALITY_CHECK_SEQ.NEXTVAL, RULE_ID_VAL, 'An error has occurred.'); END; COMMIT; | CC7: ="SELECT 'ID"& $U7 &"' AS RULE_ID, '"& $G7 &"' AS TB_NM, '"& $J7 &"' AS COL_NM, COUNT(*) AS ERR_CNT FROM "&$C7&"."& $G7 &" A JOIN "&$C7&"."& $AJ7 &" B ON B."&$AK7&" = A."& $J7 &" WHERE TO_DATE(A.YEAR_OF_BIRTH || '-' || LPAD(A.MONTH_OF_BIRTH, 2, '0') || '-' || LPAD(A.DAY_OF_BIRTH, 2, '0'), 'YYYY-MM-DD') > B.DEATH_DATE AND ( A."& $J7 &" IS NOT NULL AND LENGTH(TO_CHAR(A."& $J7 &"))>0 ) " -> SELECT 'ID1005' AS RULE_ID, 'PERSON' AS TB_NM, 'PERSON_ID' AS COL_NM, COUNT(*) AS ERR_CNT FROM YourSchemaName.PERSON A JOIN YourSchemaName.DEATH B ON B.PERSON_ID = A.PERSON_ID WHERE TO_DATE(A.YEAR_OF_BIRTH || '-' || LPAD(A.MONTH_OF_BIRTH, 2, '0') || '-' || LPAD(A.DAY_OF_BIRTH, 2, '0'), 'YYYY-MM-DD') > B.DEATH_DATE AND ( A.PERSON_ID IS NOT NULL AND LENGTH(TO_CHAR(A.PERSON_ID))>0 ) | CD7: UNION ALL | CE7: =" -- 프로시저 본문" & CHAR(10) & " BEGIN" & CHAR(10) & " WITH query_result AS (" & CHAR(10) & " -- 쿼리 결과를 변수에 저장" & CHAR(10) & " "&CC7 & CHAR(10) & " ) " & CHAR(10) & " SELECT" & CHAR(10) & " RULE_ID, TB_NM, COL_NM, ERR_CNT" & CHAR(10) & " INTO" & CHAR(10) & " RULE_ID_VAL, TB_NM_VAL, COL_NM_VAL, ERR_CNT_VAL" & CHAR(10) & " FROM query_result;" & CHAR(10) & " -- 결과를 테이블에 삽입" & CHAR(10) & " UPDATE RESULT_QUALITY_CHECK SET ERR_CNT = ERR_CNT_VAL WHERE RULE_ID = RULE_ID_VAL;" & CHAR(10) & " EXCEPTION" & CHAR(10) & " WHEN OTHERS THEN" & CHAR(10) & " INSERT INTO QUALITY_CHECK_ERROR_LOG (SEQ, CHK_ID, ERROR_MESSAGE)" & CHAR(10) & " VALUES (QUALITY_CHECK_SEQ.NEXTVAL, RULE_ID_VAL, 'An error has occurred.');" & CHAR(10) & " END;" & CHAR(10) & " COMMIT;" & CHAR(10) -> -- 프로시저 본문 BEGIN WITH query_result AS ( -- 쿼리 결과를 변수에 저장 SELECT 'ID1005' AS RULE_ID, 'PERSON' AS TB_NM, 'PERSON_ID' AS COL_NM, COUNT(*) AS ERR_CNT FROM YourSchemaName.PERSON A JOIN YourSchemaName.DEATH B ON B.PERSON_ID = A.PERSON_ID WHERE TO_DATE(A.YEAR_OF_BIRTH || '-' || LPAD(A.MONTH_OF_BIRTH, 2, '0') || '-' || LPAD(A.DAY_OF_BIRTH, 2, '0'), 'YYYY-MM-DD') > B.DEATH_DATE AND ( A.PERSON_ID IS NOT NULL AND LENGTH(TO_CHAR(A.PERSON_ID))>0 ) ) SELECT RULE_ID, TB_NM, COL_NM, ERR_CNT INTO RULE_ID_VAL, TB_NM_VAL, COL_NM_VAL, ERR_CNT_VAL FROM query_result; -- 결과를 테이블에 삽입 UPDATE RESULT_QUALITY_CHECK SET ERR_CNT = ERR_CNT_VAL WHERE RULE_ID = RULE_ID_VAL; EXCEPTION WHEN OTHERS THEN INSERT INTO QUALITY_CHECK_ERROR_LOG (SEQ, CHK_ID, ERROR_MESSAGE) VALUES (QUALITY_CHECK_SEQ.NEXTVAL, RULE_ID_VAL, 'An error has occurred.'); END; COMMIT; | CF7: ="SELECT ERR_VALUE, RULE_ID, TB_NM, COL_NM FROM ( SELECT DISTINCT SUBSTR(TO_CHAR(A."& $J7 &"),1,30) AS ERR_VALUE, 'ID"& $U7 &"' AS RULE_ID, '"& $G7 &"' AS TB_NM, '"& $J7 &"' AS COL_NM FROM "&$C7&"."& $G7 &" A JOIN "&$C7&"."& $AJ7 &" B ON B."&$AK7&" = A."& $J7 &" WHERE TO_DATE(A.YEAR_OF_BIRTH || '-' || LPAD(A.MONTH_OF_BIRTH, 2, '0') || '-' || LPAD(A.DAY_OF_BIRTH, 2, '0'), 'YYYY-MM-DD') > B.DEATH_DATE AND ( A."& $J7 &" IS NOT NULL AND LENGTH(TO_CHAR(A."& $J7 &"))>0 ) AND ROWNUM < 4 ) XX " -> SELECT ERR_VALUE, RULE_ID, TB_NM, COL_NM FROM ( SELECT DISTINCT SUBSTR(TO_CHAR(A.PERSON_ID),1,30) AS ERR_VALUE, 'ID1005' AS RULE_ID, 'PERSON' AS TB_NM, 'PERSON_ID' AS COL_NM FROM YourSchemaName.PERSON A JOIN YourSchemaName.DEATH B ON B.PERSON_ID = A.PERSON_ID WHERE TO_DATE(A.YEAR_OF_BIRTH || '-' || LPAD(A.MONTH_OF_BIRTH, 2, '0') || '-' || LPAD(A.DAY_OF_BIRTH, 2, '0'), 'YYYY-MM-DD') > B.DEATH_DATE AND ( A.PERSON_ID IS NOT NULL AND LENGTH(TO_CHAR(A.PERSON_ID))>0 ) AND ROWNUM < 4 ) XX | CG7: UNION ALL | CH7: =" -- 프로시저 본문" & CHAR(10) & " BEGIN" & CHAR(10) & " WITH query_result AS (" & CHAR(10) & " -- 쿼리 결과를 변수에 저장" & CHAR(10) & " "&CF7& CHAR(10) & " )" & CHAR(10) & " SELECT" & CHAR(10) & " RULE_ID, TB_NM, COL_NM, ERR_VALUE" & CHAR(10) & " INTO" & CHAR(10) & " RULE_ID_VAL, TB_NM_VAL, COL_NM_VAL, ERR_VALUE_VAL" & CHAR(10) & " FROM query_result;" & CHAR(10) & " -- 결과를 테이블에 삽입" & CHAR(10) & " UPDATE RESULT_QUALITY_CHECK SET ERR_VALUE = ERR_VALUE_VAL WHERE RULE_ID = RULE_ID_VAL;" & CHAR(10) & " EXCEPTION" & CHAR(10) & " WHEN NO_DATA_FOUND THEN NULL; " & " WHEN OTHERS THEN" & CHAR(10) & " INSERT INTO QUALITY_CHECK_ERROR_LOG (SEQ, CHK_ID, ERROR_MESSAGE)" & CHAR(10) & " VALUES (QUALITY_CHECK_SEQ.NEXTVAL, RULE_ID_VAL, 'An error has occurred.');" & CHAR(10) & " END;" & CHAR(10) & " COMMIT;" & CHAR(10) -> -- 프로시저 본문 BEGIN WITH query_result AS ( -- 쿼리 결과를 변수에 저장 SELECT ERR_VALUE, RULE_ID, TB_NM, COL_NM FROM ( SELECT DISTINCT SUBSTR(TO_CHAR(A.PERSON_ID),1,30) AS ERR_VALUE, 'ID1005' AS RULE_ID, 'PERSON' AS TB_NM, 'PERSON_ID' AS COL_NM FROM YourSchemaName.PERSON A JOIN YourSchemaName.DEATH B ON B.PERSON_ID = A.PERSON_ID WHERE TO_DATE(A.YEAR_OF_BIRTH || '-' || LPAD(A.MONTH_OF_BIRTH, 2, '0') || '-' || LPAD(A.DAY_OF_BIRTH, 2, '0'), 'YYYY-MM-DD') > B.DEATH_DATE AND ( A.PERSON_ID IS NOT NULL AND LENGTH(TO_CHAR(A.PERSON_ID))>0 ) AND ROWNUM < 4 ) XX ) SELECT RULE_ID, TB_NM, COL_NM, ERR_VALUE INTO RULE_ID_VAL, TB_NM_VAL, COL_NM_VAL, ERR_VALUE_VAL FROM query_result; -- 결과를 테이블에 삽입 UPDATE RESULT_QUALITY_CHECK SET ERR_VALUE = ERR_VALUE_VAL WHERE RULE_ID = RULE_ID_VAL; EXCEPTION WHEN NO_DATA_FOUND THEN NULL; WHEN OTHERS THEN INSERT INTO QUALITY_CHECK_ERROR_LOG (SEQ, CHK_ID, ERROR_MESSAGE) VALUES (QUALITY_CHECK_SEQ.NEXTVAL, RULE_ID_VAL, 'An error has occurred.'); END; COMMIT; | CI7: ="SELECT 'ID"& $U7 &"' AS RULE_ID, '"& $G7 &"' AS TB_NM, '"& $J7 &"' AS COL_NM, COUNT(*) AS TOT_CNT FROM "&$C7&"."& $G7 &" WHERE "& $J7 &" IS NOT NULL AND DATALENGTH("& $J7 &")>0 " -> SELECT 'ID1005' AS RULE_ID, 'PERSON' AS TB_NM, 'PERSON_ID' AS COL_NM, COUNT(*) AS TOT_CNT FROM YourSchemaName.PERSON WHERE PERSON_ID IS NOT NULL AND DATALENGTH(PERSON_ID)>0 | CJ7: UNION ALL | CK7: ="BEGIN TRY" & CHAR(10) & " WITH query_result AS (" & CHAR(10) & " "&CI7& CHAR(10) & " )" & CHAR(10) & " SELECT" & CHAR(10) & " @RULE_ID_VAL = RULE_ID," & CHAR(10) & " @TB_NM_VAL = TB_NM," & CHAR(10) & " @COL_NM_VAL = COL_NM," & CHAR(10) & " @TOT_CNT_VAL = TOT_CNT" & CHAR(10) & " FROM query_result;" & CHAR(10) & " -- 결과를 테이블에 삽입" & CHAR(10) & " INSERT INTO dbo.result_quality_check (RULE_ID, TB_NM, COL_NM, TOT_CNT)" & CHAR(10) & " VALUES (@RULE_ID_VAL, @TB_NM_VAL, @COL_NM_VAL, @TOT_CNT_VAL);" & CHAR(10) & "END TRY" & CHAR(10) & "BEGIN CATCH" & CHAR(10) & " -- 오류 발생 시 에러 로그에 기록" & CHAR(10) & " INSERT INTO dbo.quality_check_error_log (CHK_ID, ERROR_MESSAGE)" & CHAR(10) & " VALUES (@RULE_ID_VAL, ERROR_MESSAGE());" & CHAR(10) & "END CATCH;" & CHAR(10) & " COMMIT;" & CHAR(10) -> BEGIN TRY WITH query_result AS ( SELECT 'ID1005' AS RULE_ID, 'PERSON' AS TB_NM, 'PERSON_ID' AS COL_NM, COUNT(*) AS TOT_CNT FROM YourSchemaName.PERSON WHERE PERSON_ID IS NOT NULL AND DATALENGTH(PERSON_ID)>0 ) SELECT @RULE_ID_VAL = RULE_ID, @TB_NM_VAL = TB_NM, @COL_NM_VAL = COL_NM, @TOT_CNT_VAL = TOT_CNT FROM query_result; -- 결과를 테이블에 삽입 INSERT INTO dbo.result_quality_check (RULE_ID, TB_NM, COL_NM, TOT_CNT) VALUES (@RULE_ID_VAL, @TB_NM_VAL, @COL_NM_VAL, @TOT_CNT_VAL); END TRY BEGIN CATCH -- 오류 발생 시 에러 로그에 기록 INSERT INTO dbo.quality_check_error_log (CHK_ID, ERROR_MESSAGE) VALUES (@RULE_ID_VAL, ERROR_MESSAGE()); END CATCH; COMMIT; | CL7: ="SELECT 'ID"& $U7 &"' AS RULE_ID, '"& $G7 &"' AS TB_NM, '"& $J7 &"' AS COL_NM, COUNT(*) AS ERR_CNT FROM "&$C7&"."& $G7 &" A WHERE CASE WHEN NOT EXISTS (SELECT 1 FROM "&$C7&"."& $AJ7 &" B WHERE B."&$AK7&" = A."& $J7 &" AND (CAST(A.YEAR_OF_BIRTH AS VARCHAR) + '-' + RIGHT('00' + CAST(A.MONTH_OF_BIRTH AS VARCHAR), 2) + '-' + RIGHT('00' + CAST(A.DAY_OF_BIRTH AS VARCHAR), 2)) < B."&$AM7&" ) THEN 'Y' ELSE 'N' END = 'Y' AND ( "& $J7 &" IS NOT NULL AND DATALENGTH(CAST("& $J7 &" AS VARCHAR))>0 ) " -> SELECT 'ID1005' AS RULE_ID, 'PERSON' AS TB_NM, 'PERSON_ID' AS COL_NM, COUNT(*) AS ERR_CNT FROM YourSchemaName.PERSON A WHERE CASE WHEN NOT EXISTS (SELECT 1 FROM YourSchemaName.DEATH B WHERE B.PERSON_ID = A.PERSON_ID AND (CAST(A.YEAR_OF_BIRTH AS VARCHAR) + '-' + RIGHT('00' + CAST(A.MONTH_OF_BIRTH AS VARCHAR), 2) + '-' + RIGHT('00' + CAST(A.DAY_OF_BIRTH AS VARCHAR), 2)) < B.DEATH_DATE ) THEN 'Y' ELSE 'N' END = 'Y' AND ( PERSON_ID IS NOT NULL AND DATALENGTH(CAST(PERSON_ID AS VARCHAR))>0 ) | CM7: UNION ALL | CN7: ="BEGIN TRY" & CHAR(10) & " WITH query_result AS (" & CHAR(10) & " "&CL7& CHAR(10) & " )" & CHAR(10) & " SELECT" & CHAR(10) & " @RULE_ID_VAL = RULE_ID," & CHAR(10) & " @TB_NM_VAL = TB_NM," & CHAR(10) & " @COL_NM_VAL = COL_NM," & CHAR(10) & " @ERR_CNT_VAL = ERR_CNT" & CHAR(10) & " FROM query_result;" & CHAR(10) & " -- 결과를 테이블에 삽입" & CHAR(10) & " UPDATE dbo.result_quality_check SET ERR_CNT = @ERR_CNT_VAL WHERE RULE_ID = @RULE_ID_VAL;" & CHAR(10) &"END TRY" & CHAR(10) & "BEGIN CATCH" & CHAR(10) & " -- 오류 발생 시 에러 로그에 기록" & CHAR(10) & " INSERT INTO dbo.quality_check_error_log (CHK_ID, ERROR_MESSAGE)" & CHAR(10) & " VALUES (@RULE_ID_VAL, ERROR_MESSAGE());" & CHAR(10) & "END CATCH;" & CHAR(10) & " COMMIT; " & CHAR(10) -> BEGIN TRY WITH query_result AS ( SELECT 'ID1005' AS RULE_ID, 'PERSON' AS TB_NM, 'PERSON_ID' AS COL_NM, COUNT(*) AS ERR_CNT FROM YourSchemaName.PERSON A WHERE CASE WHEN NOT EXISTS (SELECT 1 FROM YourSchemaName.DEATH B WHERE B.PERSON_ID = A.PERSON_ID AND (CAST(A.YEAR_OF_BIRTH AS VARCHAR) + '-' + RIGHT('00' + CAST(A.MONTH_OF_BIRTH AS VARCHAR), 2) + '-' + RIGHT('00' + CAST(A.DAY_OF_BIRTH AS VARCHAR), 2)) < B.DEATH_DATE ) THEN 'Y' ELSE 'N' END = 'Y' AND ( PERSON_ID IS NOT NULL AND DATALENGTH(CAST(PERSON_ID AS VARCHAR))>0 ) ) SELECT @RULE_ID_VAL = RULE_ID, @TB_NM_VAL = TB_NM, @COL_NM_VAL = COL_NM, @ERR_CNT_VAL = ERR_CNT FROM query_result; -- 결과를 테이블에 삽입 UPDATE dbo.result_quality_check SET ERR_CNT = @ERR_CNT_VAL WHERE RULE_ID = @RULE_ID_VAL; END TRY BEGIN CATCH -- 오류 발생 시 에러 로그에 기록 INSERT INTO dbo.quality_check_error_log (CHK_ID, ERROR_MESSAGE) VALUES (@RULE_ID_VAL, ERROR_MESSAGE()); END CATCH; COMMIT; | CO7: ="SELECT TOP 3 ERR_VALUE, RULE_ID, TB_NM, COL_NM FROM ( SELECT DISTINCT SUBSTRING(CAST("& $J7 &" AS VARCHAR),1,30) AS ERR_VALUE, 'ID"& $U7 &"' AS RULE_ID, '"& $G7 &"' AS TB_NM, '"& $J7 &"' AS COL_NM FROM "&$C7&"."& $G7 &" A WHERE CASE WHEN NOT EXISTS (SELECT 1 FROM "&$C7&"."& $AJ7 &" B WHERE B."& $AK7 &" = A."& $J7 &" AND (CAST(A.YEAR_OF_BIRTH AS VARCHAR) + '-' + RIGHT('00' + CAST(A.MONTH_OF_BIRTH AS VARCHAR), 2) + '-' + RIGHT('00' + CAST(A.DAY_OF_BIRTH AS VARCHAR), 2)) < B."&$AM7&" ) THEN 'Y' ELSE 'N' END = 'Y' AND ( "& $J7 &" IS NOT NULL AND DATALENGTH(CAST("& $J7 &" AS VARCHAR))>0 ) ) XX " -> SELECT TOP 3 ERR_VALUE, RULE_ID, TB_NM, COL_NM FROM ( SELECT DISTINCT SUBSTRING(CAST(PERSON_ID AS VARCHAR),1,30) AS ERR_VALUE, 'ID1005' AS RULE_ID, 'PERSON' AS TB_NM, 'PERSON_ID' AS COL_NM FROM YourSchemaName.PERSON A WHERE CASE WHEN NOT EXISTS (SELECT 1 FROM YourSchemaName.DEATH B WHERE B.PERSON_ID = A.PERSON_ID AND (CAST(A.YEAR_OF_BIRTH AS VARCHAR) + '-' + RIGHT('00' + CAST(A.MONTH_OF_BIRTH AS VARCHAR), 2) + '-' + RIGHT('00' + CAST(A.DAY_OF_BIRTH AS VARCHAR), 2)) < B.DEATH_DATE ) THEN 'Y' ELSE 'N' END = 'Y' AND ( PERSON_ID IS NOT NULL AND DATALENGTH(CAST(PERSON_ID AS VARCHAR))>0 ) ) XX | CP7: UNION ALL | CQ7: ="BEGIN TRY" & CHAR(10) & " WITH query_result AS (" & CHAR(10) & " "&CO7& CHAR(10) & " )" & CHAR(10) & " SELECT" & CHAR(10) & " @RULE_ID_VAL = RULE_ID," & CHAR(10) & " @TB_NM_VAL = TB_NM," & CHAR(10) & " @COL_NM_VAL = COL_NM," & CHAR(10) & " @ERR_VALUE_VAL = ERR_VALUE" & CHAR(10) & " FROM query_result;" & CHAR(10) & " -- 결과를 테이블에 삽입" & CHAR(10) & " UPDATE dbo.result_quality_check SET ERR_VALUE = @ERR_VALUE_VAL WHERE RULE_ID = @RULE_ID_VAL;" & CHAR(10) &"END TRY" & CHAR(10) & "BEGIN CATCH" & CHAR(10) & " -- 오류 발생 시 에러 로그에 기록" & CHAR(10) & " INSERT INTO dbo.quality_check_error_log (CHK_ID, ERROR_MESSAGE)" & CHAR(10) & " VALUES (@RULE_ID_VAL, ERROR_MESSAGE());" & CHAR(10) & "END CATCH;" & CHAR(10) & "COMMIT;" & CHAR(10) -> BEGIN TRY WITH query_result AS ( SELECT TOP 3 ERR_VALUE, RULE_ID, TB_NM, COL_NM FROM ( SELECT DISTINCT SUBSTRING(CAST(PERSON_ID AS VARCHAR),1,30) AS ERR_VALUE, 'ID1005' AS RULE_ID, 'PERSON' AS TB_NM, 'PERSON_ID' AS COL_NM FROM YourSchemaName.PERSON A WHERE CASE WHEN NOT EXISTS (SELECT 1 FROM YourSchemaName.DEATH B WHERE B.PERSON_ID = A.PERSON_ID AND (CAST(A.YEAR_OF_BIRTH AS VARCHAR) + '-' + RIGHT('00' + CAST(A.MONTH_OF_BIRTH AS VARCHAR), 2) + '-' + RIGHT('00' + CAST(A.DAY_OF_BIRTH AS VARCHAR), 2)) < B.DEATH_DATE ) THEN 'Y' ELSE 'N' END = 'Y' AND ( PERSON_ID IS NOT NULL AND DATALENGTH(CAST(PERSON_ID AS VARCHAR))>0 ) ) XX ) SELECT @RULE_ID_VAL = RULE_ID, @TB_NM_VAL = TB_NM, @COL_NM_VAL = COL_NM, @ERR_VALUE_VAL = ERR_VALUE FROM query_result; -- 결과를 테이블에 삽입 UPDATE dbo.result_quality_check SET ERR_VALUE = @ERR_VALUE_VAL WHERE RULE_ID = @RULE_ID_VAL; END TRY BEGIN CATCH -- 오류 발생 시 에러 로그에 기록 INSERT INTO dbo.quality_check_error_log (CHK_ID, ERROR_MESSAGE) VALUES (@RULE_ID_VAL, ERROR_MESSAGE()); END CATCH; COMMIT; | CR7: =IFERROR(VLOOKUP("ID"&U7,V.진단결과!$A$2:$E$99558,4,0),0) -> 0 | CS7: =IFERROR(VLOOKUP("ID"&U7,V.진단결과!$A$2:$E$99558,5,0),0) -> 0 | CT7: =IFERROR(CS7/CR7,0) -> 0 | CU7: =SUBSTITUTE(IFERROR(VLOOKUP("ID"&U7,V.진단결과!$A$2:$F$99558,6,0),""),$AO7,"")
